Product_Page,Product_Handle,Product_Title_HE,Product_ID,Product_Available,Price_Max,Price_Min,Published_At,Tags,Variant_Title,Variant_Available,Variant_Qty,Variant_Price,Variant_Currency,Published_Date,Published_Time,Tags_List
https://agilite.co.il/products/padded-laptop-sleeve,padded-laptop-sleeve,'שרוול לפטופ מרופד 14.5 אינץ,8018937512221,True,159.9,159.9,2022-11-27 13:42:00+02:00,"Combat Gear, everything, Plate Carriers \u0026 Packs, SaleIL",מולטיקם,True,0,159.9,ILS,2022-11-27,13:42:00,"['Combat Gear', 'everything', 'Plate Carriers \\u0026 Packs', 'SaleIL']"
https://agilite.co.il/products/padded-laptop-sleeve,padded-laptop-sleeve,'שרוול לפטופ מרופד 14.5 אינץ,8018937512221,True,159.9,159.9,2022-11-27 13:42:00+02:00,"Combat Gear, everything, Plate Carriers \u0026 Packs, SaleIL",ירוק ריינג'ר,True,26,159.9,ILS,2022-11-27,13:42:00,"['Combat Gear', 'everything', 'Plate Carriers \\u0026 Packs', 'SaleIL']"
https://agilite.co.il/products/padded-laptop-sleeve,padded-laptop-sleeve,'שרוול לפטופ מרופד 14.5 אינץ,8018937512221,True,159.9,159.9,2022-11-27 13:42:00+02:00,"Combat Gear, everything, Plate Carriers \u0026 Packs, SaleIL",שחור,False,0,159.9,ILS,2022-11-27,13:42:00,"['Combat Gear', 'everything', 'Plate Carriers \\u0026 Packs', 'SaleIL']"
https://agilite.co.il/products/14-5-padded-laptop-sleeve-up,14-5-padded-laptop-sleeve-up,'שרוול לפטופ מרופד 14.5 אינץ ,8018937577757,True,119.9,119.9,2022-11-27 13:42:06+02:00,SaleIL,מולטיקם,True,0,119.9,ILS,2022-11-27,13:42:06,['SaleIL']
https://agilite.co.il/products/14-5-padded-laptop-sleeve-up,14-5-padded-laptop-sleeve-up,'שרוול לפטופ מרופד 14.5 אינץ ,8018937577757,True,119.9,119.9,2022-11-27 13:42:06+02:00,SaleIL,ירוק ריינג'ר,True,26,119.9,ILS,2022-11-27,13:42:06,['SaleIL']
https://agilite.co.il/products/14-5-padded-laptop-sleeve-up,14-5-padded-laptop-sleeve-up,'שרוול לפטופ מרופד 14.5 אינץ ,8018937577757,True,119.9,119.9,2022-11-27 13:42:06+02:00,SaleIL,שחור,False,0,119.9,ILS,2022-11-27,13:42:06,['SaleIL']
https://agilite.co.il/products/quick-release-cummerbund-buckle,quick-release-cummerbund-buckle,2M ROC - מערכת ניתוק מהיר,8192262799645,True,49.9,49.9,2023-03-14 11:38:36+02:00,SaleIL,שחור,True,218,49.9,ILS,2023-03-14,11:38:36,['SaleIL']
https://agilite.co.il/products/quick-release-cummerbund-buckle,quick-release-cummerbund-buckle,2M ROC - מערכת ניתוק מהיר,8192262799645,True,49.9,49.9,2023-03-14 11:38:36+02:00,SaleIL,חום,False,0,49.9,ILS,2023-03-14,11:38:36,['SaleIL']
https://agilite.co.il/products/ag1-5-56-single-mag-pouch,ag1-5-56-single-mag-pouch,AG1™ - פונדת מחסנית מודולרית,8018936529181,True,119.0,106.0,2022-11-27 13:40:29+02:00,"Combat Gear, Plate Carriers \u0026 Packs, SaleIL",ירוק ריינג'ר,True,62,106.0,ILS,2022-11-27,13:40:29,"['Combat Gear', 'Plate Carriers \\u0026 Packs', 'SaleIL']"
https://agilite.co.il/products/ag1-5-56-single-mag-pouch,ag1-5-56-single-mag-pouch,AG1™ - פונדת מחסנית מודולרית,8018936529181,True,119.0,106.0,2022-11-27 13:40:29+02:00,"Combat Gear, Plate Carriers \u0026 Packs, SaleIL",מולטיקם,False,0,106.0,ILS,2022-11-27,13:40:29,"['Combat Gear', 'Plate Carriers \\u0026 Packs', 'SaleIL']"
https://agilite.co.il/products/ag1-5-56-single-mag-pouch,ag1-5-56-single-mag-pouch,AG1™ - פונדת מחסנית מודולרית,8018936529181,True,119.0,106.0,2022-11-27 13:40:29+02:00,"Combat Gear, Plate Carriers \u0026 Packs, SaleIL",מולטיקם שחור,False,-1,119.0,ILS,2022-11-27,13:40:29,"['Combat Gear', 'Plate Carriers \\u0026 Packs', 'SaleIL']"
https://agilite.co.il/products/ag1-5-56-single-mag-pouch,ag1-5-56-single-mag-pouch,AG1™ - פונדת מחסנית מודולרית,8018936529181,True,119.0,106.0,2022-11-27 13:40:29+02:00,"Combat Gear, Plate Carriers \u0026 Packs, SaleIL",שחור,True,126,106.0,ILS,2022-11-27,13:40:29,"['Combat Gear', 'Plate Carriers \\u0026 Packs', 'SaleIL']"
https://agilite.co.il/products/ag3-5-56-triple-mag-pouch,ag3-5-56-triple-mag-pouch,AG3™ - 5.56 פונדת מחסניות מודולרית,8018936594717,True,234.0,229.0,2025-06-03 14:00:11+03:00,"Combat Gear, Plate Carriers \u0026 Packs, SaleIL",ירוק ריינג'ר,True,460,229.0,ILS,2025-06-03,14:00:11,"['Combat Gear', 'Plate Carriers \\u0026 Packs', 'SaleIL']"
https://agilite.co.il/products/ag3-5-56-triple-mag-pouch,ag3-5-56-triple-mag-pouch,AG3™ - 5.56 פונדת מחסניות מודולרית,8018936594717,True,234.0,229.0,2025-06-03 14:00:11+03:00,"Combat Gear, Plate Carriers \u0026 Packs, SaleIL",מולטיקם,False,0,234.0,ILS,2025-06-03,14:00:11,"['Combat Gear', 'Plate Carriers \\u0026 Packs', 'SaleIL']"
https://agilite.co.il/products/ag3-5-56-triple-mag-pouch,ag3-5-56-triple-mag-pouch,AG3™ - 5.56 פונדת מחסניות מודולרית,8018936594717,True,234.0,229.0,2025-06-03 14:00:11+03:00,"Combat Gear, Plate Carriers \u0026 Packs, SaleIL",מולטיקם שחור,False,0,234.0,ILS,2025-06-03,14:00:11,"['Combat Gear', 'Plate Carriers \\u0026 Packs', 'SaleIL']"
https://agilite.co.il/products/ag3-5-56-triple-mag-pouch,ag3-5-56-triple-mag-pouch,AG3™ - 5.56 פונדת מחסניות מודולרית,8018936594717,True,234.0,229.0,2025-06-03 14:00:11+03:00,"Combat Gear, Plate Carriers \u0026 Packs, SaleIL",שחור,True,42,229.0,ILS,2025-06-03,14:00:11,"['Combat Gear', 'Plate Carriers \\u0026 Packs', 'SaleIL']"
https://agilite.co.il/products/ag3-placard-triple-mag-pouch,ag3-placard-triple-mag-pouch,AG3™ - 5.56 פונדת מחסניות סקוטש,8018935054621,True,259.0,239.0,2022-11-27 13:38:04+02:00,"Combat Gear, newone, SaleIL",ירוק ריינג'ר,True,109,259.0,ILS,2022-11-27,13:38:04,"['Combat Gear', 'newone', 'SaleIL']"
https://agilite.co.il/products/ag3-placard-triple-mag-pouch,ag3-placard-triple-mag-pouch,AG3™ - 5.56 פונדת מחסניות סקוטש,8018935054621,True,259.0,239.0,2022-11-27 13:38:04+02:00,"Combat Gear, newone, SaleIL",מולטיקם,False,0,259.0,ILS,2022-11-27,13:38:04,"['Combat Gear', 'newone', 'SaleIL']"
https://agilite.co.il/products/ag3-placard-triple-mag-pouch,ag3-placard-triple-mag-pouch,AG3™ - 5.56 פונדת מחסניות סקוטש,8018935054621,True,259.0,239.0,2022-11-27 13:38:04+02:00,"Combat Gear, newone, SaleIL",מולטיקם שחור,False,0,259.0,ILS,2022-11-27,13:38:04,"['Combat Gear', 'newone', 'SaleIL']"
https://agilite.co.il/products/ag3-placard-triple-mag-pouch,ag3-placard-triple-mag-pouch,AG3™ - 5.56 פונדת מחסניות סקוטש,8018935054621,True,259.0,239.0,2022-11-27 13:38:04+02:00,"Combat Gear, newone, SaleIL",שחור,True,308,259.0,ILS,2022-11-27,13:38:04,"['Combat Gear', 'newone', 'SaleIL']"
https://agilite.co.il/products/ag3-placard-triple-mag-pouch,ag3-placard-triple-mag-pouch,AG3™ - 5.56 פונדת מחסניות סקוטש,8018935054621,True,259.0,239.0,2022-11-27 13:38:04+02:00,"Combat Gear, newone, SaleIL",חום,False,0,239.0,ILS,2022-11-27,13:38:04,"['Combat Gear', 'newone', 'SaleIL']"
https://agilite.co.il/products/agilite-beanie,agilite-beanie,כובע גרב אג'ילייט,8804518134045,True,159.0,159.0,2023-10-23 15:07:38+03:00,SaleIL,Grey,True,0,159.0,ILS,2023-10-23,15:07:38,['SaleIL']
https://agilite.co.il/products/agilite-beanie,agilite-beanie,כובע גרב אג'ילייט,8804518134045,True,159.0,159.0,2023-10-23 15:07:38+03:00,SaleIL,Navy,True,7,159.0,ILS,2023-10-23,15:07:38,['SaleIL']
https://agilite.co.il/products/general-purpose-pouch,general-purpose-pouch,פאוץ' כללי מודולרי,8402082988317,True,209.0,209.0,2023-06-27 11:41:59+03:00,SaleIL,ירוק ריינג'ר,True,79,209.0,ILS,2023-06-27,11:41:59,['SaleIL']
https://agilite.co.il/products/general-purpose-pouch,general-purpose-pouch,פאוץ' כללי מודולרי,8402082988317,True,209.0,209.0,2023-06-27 11:41:59+03:00,SaleIL,מולטיקם,False,0,209.0,ILS,2023-06-27,11:41:59,['SaleIL']
https://agilite.co.il/products/general-purpose-pouch,general-purpose-pouch,פאוץ' כללי מודולרי,8402082988317,True,209.0,209.0,2023-06-27 11:41:59+03:00,SaleIL,שחור,True,140,209.0,ILS,2023-06-27,11:41:59,['SaleIL']
https://agilite.co.il/products/agilite-logo-patches,agilite-logo-patches,פאצ'ים לוגו אג'ילייט,8018938298653,False,23.9,23.9,2022-11-27 13:43:12+02:00,"accessories, apparel, everything, patches, SaleIL",Black,False,0,23.9,ILS,2022-11-27,13:43:12,"['accessories', 'apparel', 'everything', 'patches', 'SaleIL']"
https://agilite.co.il/products/agilite-logo-patches,agilite-logo-patches,פאצ'ים לוגו אג'ילייט,8018938298653,False,23.9,23.9,2022-11-27 13:43:12+02:00,"accessories, apparel, everything, patches, SaleIL",Coyote Tan,False,-2,23.9,ILS,2022-11-27,13:43:12,"['accessories', 'apparel', 'everything', 'patches', 'SaleIL']"
https://agilite.co.il/products/agilite-logo-patches,agilite-logo-patches,פאצ'ים לוגו אג'ילייט,8018938298653,False,23.9,23.9,2022-11-27 13:43:12+02:00,"accessories, apparel, everything, patches, SaleIL",Ranger Green,False,-2,23.9,ILS,2022-11-27,13:43:12,"['accessories', 'apparel', 'everything', 'patches', 'SaleIL']"
https://agilite.co.il/products/mitznefet-multicam,mitznefet-multicam,מצנפת אג'ילייט מנומרת,8018937970973,True,209.0,209.0,2022-11-27 13:42:43+02:00,"everything, helmet covers, OTHER HELMET COVERS, SaleIL",Default Title,True,244,209.0,ILS,2022-11-27,13:42:43,"['everything', 'helmet covers', 'OTHER HELMET COVERS', 'SaleIL']"
https://agilite.co.il/products/agilite-molle-placard,agilite-molle-placard,מתאם מודולרי לחיבור סקוטש,8480933970205,True,170.0,170.0,2023-07-26 17:40:33+03:00,SaleIL,ירוק ריינג'ר,True,78,170.0,ILS,2023-07-26,17:40:33,['SaleIL']
https://agilite.co.il/products/agilite-molle-placard,agilite-molle-placard,מתאם מודולרי לחיבור סקוטש,8480933970205,True,170.0,170.0,2023-07-26 17:40:33+03:00,SaleIL,מולטיקם,False,0,170.0,ILS,2023-07-26,17:40:33,['SaleIL']
https://agilite.co.il/products/agilite-molle-placard,agilite-molle-placard,מתאם מודולרי לחיבור סקוטש,8480933970205,True,170.0,170.0,2023-07-26 17:40:33+03:00,SaleIL,שחור,False,0,170.0,ILS,2023-07-26,17:40:33,['SaleIL']
https://agilite.co.il/products/agilite-sapi-hydration-bladder,agilite-sapi-hydration-bladder,אג'ילייט SAPI שלוקר,8791581917469,True,213.1,213.1,2023-10-17 13:19:56+03:00,SaleIL,Default Title,True,176,213.1,ILS,2023-10-17,13:19:56,['SaleIL']
https://agilite.co.il/products/scorpion-logo-hat,scorpion-logo-hat,כובע לוגו עקרב,8440988336413,False,139.9,139.9,2023-07-11 14:36:12+03:00,SaleIL,ירוק זית,False,0,139.9,ILS,2023-07-11,14:36:12,['SaleIL']
https://agilite.co.il/products/scorpion-logo-hat,scorpion-logo-hat,כובע לוגו עקרב,8440988336413,False,139.9,139.9,2023-07-11 14:36:12+03:00,SaleIL,אפור,False,-1,139.9,ILS,2023-07-11,14:36:12,['SaleIL']
https://agilite.co.il/products/scorpion-logo-hat,scorpion-logo-hat,כובע לוגו עקרב,8440988336413,False,139.9,139.9,2023-07-11 14:36:12+03:00,SaleIL,שחור,False,0,139.9,ILS,2023-07-11,14:36:12,['SaleIL']
https://agilite.co.il/products/tourniquet-holder,tourniquet-holder,"טקטי CAT/מנשא ח""ע",8031638552861,True,76.0,76.0,2022-12-08 12:15:35+02:00,SaleIL,ירוק ריינג'ר,True,181,76.0,ILS,2022-12-08,12:15:35,['SaleIL']
https://agilite.co.il/products/tourniquet-holder,tourniquet-holder,"טקטי CAT/מנשא ח""ע",8031638552861,True,76.0,76.0,2022-12-08 12:15:35+02:00,SaleIL,מולטיקם,False,0,76.0,ILS,2022-12-08,12:15:35,['SaleIL']
https://agilite.co.il/products/tourniquet-holder,tourniquet-holder,"טקטי CAT/מנשא ח""ע",8031638552861,True,76.0,76.0,2022-12-08 12:15:35+02:00,SaleIL,שחור,False,0,76.0,ILS,2022-12-08,12:15:35,['SaleIL']
https://agilite.co.il/products/agilite-multicam-trucker-hat,agilite-multicam-trucker-hat,כובע רשת עקרב,8625010934045,False,149.9,149.9,2023-09-10 11:04:42+03:00,SaleIL,מולטיקם,False,-5,149.9,ILS,2023-09-10,11:04:42,['SaleIL']
https://agilite.co.il/products/agilite-multicam-trucker-hat,agilite-multicam-trucker-hat,כובע רשת עקרב,8625010934045,False,149.9,149.9,2023-09-10 11:04:42+03:00,SaleIL,מולטיקם שחור,False,-1,149.9,ILS,2023-09-10,11:04:42,['SaleIL']
https://agilite.co.il/products/%D7%9E%D7%AA%D7%9C%D7%94-%D7%9B%D7%A4%D7%A4%D7%95%D7%AA-%D7%98%D7%A7%D7%98%D7%99,מתלה-כפפות-טקטי,מתלה כפפות טקטי ,9778618794269,False,0.0,0.0,2025-03-09 13:03:48+02:00,hidden,ירוק ריינג'ר,False,0,0.0,ILS,2025-03-09,13:03:48,['hidden']
https://agilite.co.il/products/%D7%9E%D7%AA%D7%9C%D7%94-%D7%9B%D7%A4%D7%A4%D7%95%D7%AA-%D7%98%D7%A7%D7%98%D7%99,מתלה-כפפות-טקטי,מתלה כפפות טקטי ,9778618794269,False,0.0,0.0,2025-03-09 13:03:48+02:00,hidden,שחור,False,-2,0.0,ILS,2025-03-09,13:03:48,['hidden']
https://agilite.co.il/products/amap-iii-assault-pack,amap-iii-assault-pack,AMAP III™ - תיק תקיפה,8018942034205,True,745.0,679.0,2022-11-27 13:50:04+02:00,"Combat Gear, everything, Plate Carriers \u0026 Packs, SaleIL",ירוק ריינג'ר,True,106,695.0,ILS,2022-11-27,13:50:04,"['Combat Gear', 'everything', 'Plate Carriers \\u0026 Packs', 'SaleIL']"
https://agilite.co.il/products/amap-iii-assault-pack,amap-iii-assault-pack,AMAP III™ - תיק תקיפה,8018942034205,True,745.0,679.0,2022-11-27 13:50:04+02:00,"Combat Gear, everything, Plate Carriers \u0026 Packs, SaleIL",מולטיקם,False,0,679.0,ILS,2022-11-27,13:50:04,"['Combat Gear', 'everything', 'Plate Carriers \\u0026 Packs', 'SaleIL']"
https://agilite.co.il/products/amap-iii-assault-pack,amap-iii-assault-pack,AMAP III™ - תיק תקיפה,8018942034205,True,745.0,679.0,2022-11-27 13:50:04+02:00,"Combat Gear, everything, Plate Carriers \u0026 Packs, SaleIL",מולטיקם שחור,False,0,745.0,ILS,2022-11-27,13:50:04,"['Combat Gear', 'everything', 'Plate Carriers \\u0026 Packs', 'SaleIL']"
https://agilite.co.il/products/amap-iii-assault-pack,amap-iii-assault-pack,AMAP III™ - תיק תקיפה,8018942034205,True,745.0,679.0,2022-11-27 13:50:04+02:00,"Combat Gear, everything, Plate Carriers \u0026 Packs, SaleIL",שחור,True,73,695.0,ILS,2022-11-27,13:50:04,"['Combat Gear', 'everything', 'Plate Carriers \\u0026 Packs', 'SaleIL']"
https://agilite.co.il/products/amap-iii-assault-pack,amap-iii-assault-pack,AMAP III™ - תיק תקיפה,8018942034205,True,745.0,679.0,2022-11-27 13:50:04+02:00,"Combat Gear, everything, Plate Carriers \u0026 Packs, SaleIL",חום,False,0,679.0,ILS,2022-11-27,13:50:04,"['Combat Gear', 'everything', 'Plate Carriers \\u0026 Packs', 'SaleIL']"
https://agilite.co.il/products/amap-iii-assault-pack,amap-iii-assault-pack,AMAP III™ - תיק תקיפה,8018942034205,True,745.0,679.0,2022-11-27 13:50:04+02:00,"Combat Gear, everything, Plate Carriers \u0026 Packs, SaleIL",אפור,False,0,679.0,ILS,2022-11-27,13:50:04,"['Combat Gear', 'everything', 'Plate Carriers \\u0026 Packs', 'SaleIL']"
https://agilite.co.il/products/battleshell-phone-pouch,battleshell-phone-pouch,פאוץ' Battleshell™ אוניברסלי למערכת שליטה וטלפונים ,9835354980637,True,309.3,287.18,2025-05-18 20:16:25+03:00,SaleIL,ירוק ריינג'ר,True,213,287.18,ILS,2025-05-18,20:16:25,['SaleIL']
https://agilite.co.il/products/battleshell-phone-pouch,battleshell-phone-pouch,פאוץ' Battleshell™ אוניברסלי למערכת שליטה וטלפונים ,9835354980637,True,309.3,287.18,2025-05-18 20:16:25+03:00,SaleIL,מולטיקם,False,0,309.3,ILS,2025-05-18,20:16:25,['SaleIL']
https://agilite.co.il/products/battleshell-phone-pouch,battleshell-phone-pouch,פאוץ' Battleshell™ אוניברסלי למערכת שליטה וטלפונים ,9835354980637,True,309.3,287.18,2025-05-18 20:16:25+03:00,SaleIL,שחור,True,15,287.18,ILS,2025-05-18,20:16:25,['SaleIL']
https://agilite.co.il/products/bridge-tactical-helmet-accessory-platform,bridge-tactical-helmet-accessory-platform,מערכת גשר טקטית לקסדה,8018939904285,True,276.9,276.9,2022-11-27 13:46:04+02:00,"45, everything, helmet covers, MEGA DEAL, ONE SIZE FITS ALL HELMET SYSTEMS, SaleIL",ירוק ריינג'ר,True,106,276.9,ILS,2022-11-27,13:46:04,"['45', 'everything', 'helmet covers', 'MEGA DEAL', 'ONE SIZE FITS ALL HELMET SYSTEMS', 'SaleIL']"
https://agilite.co.il/products/bridge-tactical-helmet-accessory-platform,bridge-tactical-helmet-accessory-platform,מערכת גשר טקטית לקסדה,8018939904285,True,276.9,276.9,2022-11-27 13:46:04+02:00,"45, everything, helmet covers, MEGA DEAL, ONE SIZE FITS ALL HELMET SYSTEMS, SaleIL",חום קויטי,False,0,276.9,ILS,2022-11-27,13:46:04,"['45', 'everything', 'helmet covers', 'MEGA DEAL', 'ONE SIZE FITS ALL HELMET SYSTEMS', 'SaleIL']"
https://agilite.co.il/products/bridge-tactical-helmet-accessory-platform,bridge-tactical-helmet-accessory-platform,מערכת גשר טקטית לקסדה,8018939904285,True,276.9,276.9,2022-11-27 13:46:04+02:00,"45, everything, helmet covers, MEGA DEAL, ONE SIZE FITS ALL HELMET SYSTEMS, SaleIL",שחור,True,39,276.9,ILS,2022-11-27,13:46:04,"['45', 'everything', 'helmet covers', 'MEGA DEAL', 'ONE SIZE FITS ALL HELMET SYSTEMS', 'SaleIL']"
https://agilite.co.il/products/buddystrap-injured-person-carrier,buddystrap-injured-person-carrier,BuddyStrap™ - מערכת נשיאת פצוע,8018935152925,True,464.0,464.0,2022-11-27 13:38:15+02:00,"Combat Gear, rescue Gear, SaleIL",ירוק ריינג'ר,True,32,464.0,ILS,2022-11-27,13:38:15,"['Combat Gear', 'rescue Gear', 'SaleIL']"
https://agilite.co.il/products/buddystrap-injured-person-carrier,buddystrap-injured-person-carrier,BuddyStrap™ - מערכת נשיאת פצוע,8018935152925,True,464.0,464.0,2022-11-27 13:38:15+02:00,"Combat Gear, rescue Gear, SaleIL",חום,False,0,464.0,ILS,2022-11-27,13:38:15,"['Combat Gear', 'rescue Gear', 'SaleIL']"
https://agilite.co.il/products/buddystrap-injured-person-carrier,buddystrap-injured-person-carrier,BuddyStrap™ - מערכת נשיאת פצוע,8018935152925,True,464.0,464.0,2022-11-27 13:38:15+02:00,"Combat Gear, rescue Gear, SaleIL",שחור,True,37,464.0,ILS,2022-11-27,13:38:15,"['Combat Gear', 'rescue Gear', 'SaleIL']"
https://agilite.co.il/products/crossbow-one-black-with-smoke-gray-clear,crossbow-one-black-with-smoke-gray-clear,Crossbow - משקפי מגן של ,8878453915933,True,439.0,439.0,2023-11-16 09:34:57+02:00,SaleIL,Default Title,True,150,439.0,ILS,2023-11-16,09:34:57,['SaleIL']
https://agilite.co.il/products/discounted-molle-hanger,discounted-molle-hanger,Discounted MOLLE Hanger,9344894042397,True,84.9,84.9,2024-05-30 09:19:00+03:00,SaleIL,Ranger Green,True,167,84.9,ILS,2024-05-30,09:19:00,['SaleIL']
https://agilite.co.il/products/discounted-molle-hanger,discounted-molle-hanger,Discounted MOLLE Hanger,9344894042397,True,84.9,84.9,2024-05-30 09:19:00+03:00,SaleIL,Coyote Brown,False,0,84.9,ILS,2024-05-30,09:19:00,['SaleIL']
https://agilite.co.il/products/discounted-molle-hanger,discounted-molle-hanger,Discounted MOLLE Hanger,9344894042397,True,84.9,84.9,2024-05-30 09:19:00+03:00,SaleIL,Black,True,48,84.9,ILS,2024-05-30,09:19:00,['SaleIL']
https://agilite.co.il/products/flank-side-plate-carriers,flank-side-plate-carriers,Flank™ -  פאוץ' פלטות מיגון צדדיות,8091315831069,True,319.0,319.0,2023-01-17 15:54:53+02:00,SaleIL,ירוק ריינג'ר,True,444,319.0,ILS,2023-01-17,15:54:53,['SaleIL']
https://agilite.co.il/products/flank-side-plate-carriers,flank-side-plate-carriers,Flank™ -  פאוץ' פלטות מיגון צדדיות,8091315831069,True,319.0,319.0,2023-01-17 15:54:53+02:00,SaleIL,מולטיקם,False,0,319.0,ILS,2023-01-17,15:54:53,['SaleIL']
https://agilite.co.il/products/flank-side-plate-carriers,flank-side-plate-carriers,Flank™ -  פאוץ' פלטות מיגון צדדיות,8091315831069,True,319.0,319.0,2023-01-17 15:54:53+02:00,SaleIL,שחור,True,2,319.0,ILS,2023-01-17,15:54:53,['SaleIL']
https://agilite.co.il/products/flank%E2%84%A2-side-plate-carriers-with-blindside%E2%84%A2-level-3st-ceramic-plates,flank™-side-plate-carriers-with-blindside™-level-3st-ceramic-plates,חבילת פאוץ' Flank™ פלטות מיגון צדדיות + פלטות צד קרמיות רמה שלוש - HESCO 3110 LVL III,9844643004701,True,2268.0,2268.0,2025-05-13 21:51:40+03:00,SaleIL,ירוק ריינג'ר,True,206,2268.0,ILS,2025-05-13,21:51:40,['SaleIL']
https://agilite.co.il/products/flank%E2%84%A2-side-plate-carriers-with-blindside%E2%84%A2-level-3st-ceramic-plates,flank™-side-plate-carriers-with-blindside™-level-3st-ceramic-plates,חבילת פאוץ' Flank™ פלטות מיגון צדדיות + פלטות צד קרמיות רמה שלוש - HESCO 3110 LVL III,9844643004701,True,2268.0,2268.0,2025-05-13 21:51:40+03:00,SaleIL,מולטיקם,False,0,2268.0,ILS,2025-05-13,21:51:40,['SaleIL']
https://agilite.co.il/products/flank%E2%84%A2-side-plate-carriers-with-blindside%E2%84%A2-level-3st-ceramic-plates,flank™-side-plate-carriers-with-blindside™-level-3st-ceramic-plates,חבילת פאוץ' Flank™ פלטות מיגון צדדיות + פלטות צד קרמיות רמה שלוש - HESCO 3110 LVL III,9844643004701,True,2268.0,2268.0,2025-05-13 21:51:40+03:00,SaleIL,שחור,True,2,2268.0,ILS,2025-05-13,21:51:40,['SaleIL']
https://agilite.co.il/products/hesco-3110-level-iii-side-plate,hesco-3110-level-iii-side-plate,'+פלטות צד קרמיות רמה שלוש - HESCO 3110 LVL III+ ,8950596469021,True,1590.0,1590.0,2023-12-31 11:37:36+02:00,,Default Title,True,413,1590.0,ILS,2023-12-31,11:37:36,['']
https://agilite.co.il/products/level-iii-ceramic-armor-plate,level-iii-ceramic-armor-plate,HESCO®3810 +3 פלטה קרמית רמה,8878512570653,False,1949.0,1949.0,2023-11-16 09:36:50+02:00,,Default Title,False,0,1949.0,ILS,2023-11-16,09:36:50,['']
https://agilite.co.il/products/hook-backed-edc-organizer-panel,hook-backed-edc-organizer-panel,פאנל ארגון טקטי ,8018937479453,True,159.9,159.9,2022-11-27 13:41:55+02:00,"Combat Gear, everything, Plate Carriers \u0026 Packs, SaleIL",ירוק ריינג'ר,True,127,159.9,ILS,2022-11-27,13:41:55,"['Combat Gear', 'everything', 'Plate Carriers \\u0026 Packs', 'SaleIL']"
https://agilite.co.il/products/hook-backed-edc-organizer-panel,hook-backed-edc-organizer-panel,פאנל ארגון טקטי ,8018937479453,True,159.9,159.9,2022-11-27 13:41:55+02:00,"Combat Gear, everything, Plate Carriers \u0026 Packs, SaleIL",מולטיקם,False,0,159.9,ILS,2022-11-27,13:41:55,"['Combat Gear', 'everything', 'Plate Carriers \\u0026 Packs', 'SaleIL']"
https://agilite.co.il/products/hook-backed-edc-organizer-panel,hook-backed-edc-organizer-panel,פאנל ארגון טקטי ,8018937479453,True,159.9,159.9,2022-11-27 13:41:55+02:00,"Combat Gear, everything, Plate Carriers \u0026 Packs, SaleIL",שחור,False,0,159.9,ILS,2022-11-27,13:41:55,"['Combat Gear', 'everything', 'Plate Carriers \\u0026 Packs', 'SaleIL']"
https://agilite.co.il/products/hook-backed-edc-organizer-panel-up,hook-backed-edc-organizer-panel-up,פאנל ארגון טקטי ,8018937610525,True,139.9,139.9,2022-11-27 13:42:12+02:00,"everything, SaleIL",Ranger Green,True,127,139.9,ILS,2022-11-27,13:42:12,"['everything', 'SaleIL']"
https://agilite.co.il/products/hook-backed-edc-organizer-panel-up,hook-backed-edc-organizer-panel-up,פאנל ארגון טקטי ,8018937610525,True,139.9,139.9,2022-11-27 13:42:12+02:00,"everything, SaleIL",Multicam,False,0,139.9,ILS,2022-11-27,13:42:12,"['everything', 'SaleIL']"
https://agilite.co.il/products/hook-backed-edc-organizer-panel-up,hook-backed-edc-organizer-panel-up,פאנל ארגון טקטי ,8018937610525,True,139.9,139.9,2022-11-27 13:42:12+02:00,"everything, SaleIL",Black,False,0,139.9,ILS,2022-11-27,13:42:12,"['everything', 'SaleIL']"
https://agilite.co.il/products/ir-us-flag-patch,ir-us-flag-patch,IR פאץ' דגל אמריקאי ,8018939937053,False,57.9,57.9,2022-11-27 13:46:11+02:00,"accessories, apparel, everything, patches, SaleIL",רגיל,False,0,57.9,ILS,2022-11-27,13:46:11,"['accessories', 'apparel', 'everything', 'patches', 'SaleIL']"
https://agilite.co.il/products/ir-us-flag-patch,ir-us-flag-patch,IR פאץ' דגל אמריקאי ,8018939937053,False,57.9,57.9,2022-11-27 13:46:11+02:00,"accessories, apparel, everything, patches, SaleIL",הפוך,False,0,57.9,ILS,2022-11-27,13:46:11,"['accessories', 'apparel', 'everything', 'patches', 'SaleIL']"
https://agilite.co.il/products/israeli-flag-patch-od-green,israeli-flag-patch-od-green,פאץ' דגל ישראל,8018938626333,True,23.9,23.9,2022-11-27 13:43:42+02:00,,Default Title,True,250,23.9,ILS,2022-11-27,13:43:42,['']
https://agilite.co.il/products/jump-retention-tabs,jump-retention-tabs,לשוניות אחזקה למחסנית,8018935939357,True,79.0,79.0,2022-11-27 13:39:41+02:00,"Combat Gear, newone, Plate Carriers \u0026 Packs, SaleIL",מדברי,True,3,79.0,ILS,2022-11-27,13:39:41,"['Combat Gear', 'newone', 'Plate Carriers \\u0026 Packs', 'SaleIL']"
https://agilite.co.il/products/jump-retention-tabs,jump-retention-tabs,לשוניות אחזקה למחסנית,8018935939357,True,79.0,79.0,2022-11-27 13:39:41+02:00,"Combat Gear, newone, Plate Carriers \u0026 Packs, SaleIL",ירוק ריינג'ר,True,85,79.0,ILS,2022-11-27,13:39:41,"['Combat Gear', 'newone', 'Plate Carriers \\u0026 Packs', 'SaleIL']"
https://agilite.co.il/products/jump-retention-tabs,jump-retention-tabs,לשוניות אחזקה למחסנית,8018935939357,True,79.0,79.0,2022-11-27 13:39:41+02:00,"Combat Gear, newone, Plate Carriers \u0026 Packs, SaleIL",שחור,True,19,79.0,ILS,2022-11-27,13:39:41,"['Combat Gear', 'newone', 'Plate Carriers \\u0026 Packs', 'SaleIL']"
https://agilite.co.il/products/k19-plate-carrier-3-0-hesco-3110-level-iii-side-plates,k19-plate-carrier-3-0-hesco-3110-level-iii-side-plates,חבילת קרמון K-19™  3.0 + פלטות צד קרמיות רמה שלוש - HESCO 3110 LVL III,9849669812509,True,3098.0,2779.0,2025-05-20 15:54:53+03:00,,ירוק ריינג'ר / ירוק ריינג'ר,True,167,2779.0,ILS,2025-05-20,15:54:53,['']
https://agilite.co.il/products/k19-plate-carrier-3-0-hesco-3110-level-iii-side-plates,k19-plate-carrier-3-0-hesco-3110-level-iii-side-plates,חבילת קרמון K-19™  3.0 + פלטות צד קרמיות רמה שלוש - HESCO 3110 LVL III,9849669812509,True,3098.0,2779.0,2025-05-20 15:54:53+03:00,,ירוק ריינג'ר / Black,True,2,3098.0,ILS,2025-05-20,15:54:53,['']
https://agilite.co.il/products/k19-plate-carrier-3-0-hesco-3110-level-iii-side-plates,k19-plate-carrier-3-0-hesco-3110-level-iii-side-plates,חבילת קרמון K-19™  3.0 + פלטות צד קרמיות רמה שלוש - HESCO 3110 LVL III,9849669812509,True,3098.0,2779.0,2025-05-20 15:54:53+03:00,,שחור / ירוק ריינג'ר,True,38,2779.0,ILS,2025-05-20,15:54:53,['']
https://agilite.co.il/products/k19-plate-carrier-3-0-hesco-3110-level-iii-side-plates,k19-plate-carrier-3-0-hesco-3110-level-iii-side-plates,חבילת קרמון K-19™  3.0 + פלטות צד קרמיות רמה שלוש - HESCO 3110 LVL III,9849669812509,True,3098.0,2779.0,2025-05-20 15:54:53+03:00,,שחור / Black,True,2,3098.0,ILS,2025-05-20,15:54:53,['']
https://agilite.co.il/products/k-zero-bundle,k-zero-bundle,חבילת קרמון  ™K-Zero מזווד ,9275738718493,True,1764.0,1764.0,2024-05-12 18:38:17+03:00,SaleIL,מדיום,True,126,1764.0,ILS,2024-05-12,18:38:17,['SaleIL']
https://agilite.co.il/products/k-zero-bundle,k-zero-bundle,חבילת קרמון  ™K-Zero מזווד ,9275738718493,True,1764.0,1764.0,2024-05-12 18:38:17+03:00,SaleIL,לארג',True,47,1764.0,ILS,2024-05-12,18:38:17,['SaleIL']
https://agilite.co.il/products/k-zero-plate-carrier,k-zero-plate-carrier,K-Zero™-  קרמון מיוחדות,8080332456221,True,1229.0,1189.0,2023-01-17 15:54:31+02:00,SaleIL,ירוק ריינג'ר / (10x12 or SAPI Medium) - מדיום ,True,126,1189.0,ILS,2023-01-17,15:54:31,['SaleIL']
https://agilite.co.il/products/k-zero-plate-carrier,k-zero-plate-carrier,K-Zero™-  קרמון מיוחדות,8080332456221,True,1229.0,1189.0,2023-01-17 15:54:31+02:00,SaleIL,ירוק ריינג'ר / (SAPI Large)- גדול  ,True,47,1189.0,ILS,2023-01-17,15:54:31,['SaleIL']
https://agilite.co.il/products/k-zero-plate-carrier,k-zero-plate-carrier,K-Zero™-  קרמון מיוחדות,8080332456221,True,1229.0,1189.0,2023-01-17 15:54:31+02:00,SaleIL,מולטיקם / (10x12 or SAPI Medium) - מדיום ,False,0,1229.0,ILS,2023-01-17,15:54:31,['SaleIL']
https://agilite.co.il/products/k-zero-plate-carrier,k-zero-plate-carrier,K-Zero™-  קרמון מיוחדות,8080332456221,True,1229.0,1189.0,2023-01-17 15:54:31+02:00,SaleIL,מולטיקם / (SAPI Large)- גדול  ,False,0,1229.0,ILS,2023-01-17,15:54:31,['SaleIL']
https://agilite.co.il/products/k-zero-plate-carrier,k-zero-plate-carrier,K-Zero™-  קרמון מיוחדות,8080332456221,True,1229.0,1189.0,2023-01-17 15:54:31+02:00,SaleIL,שחור / (10x12 or SAPI Medium) - מדיום ,True,101,1189.0,ILS,2023-01-17,15:54:31,['SaleIL']
https://agilite.co.il/products/k-zero-plate-carrier,k-zero-plate-carrier,K-Zero™-  קרמון מיוחדות,8080332456221,True,1229.0,1189.0,2023-01-17 15:54:31+02:00,SaleIL,שחור / (SAPI Large)- גדול  ,False,0,1189.0,ILS,2023-01-17,15:54:31,['SaleIL']
https://agilite.co.il/products/k-zero-plate-carrier,k-zero-plate-carrier,K-Zero™-  קרמון מיוחדות,8080332456221,True,1229.0,1189.0,2023-01-17 15:54:31+02:00,SaleIL,חום / (10x12 or SAPI Medium) - מדיום ,False,0,1189.0,ILS,2023-01-17,15:54:31,['SaleIL']
https://agilite.co.il/products/k-zero-plate-carrier,k-zero-plate-carrier,K-Zero™-  קרמון מיוחדות,8080332456221,True,1229.0,1189.0,2023-01-17 15:54:31+02:00,SaleIL,חום / (SAPI Large)- גדול  ,False,0,1189.0,ILS,2023-01-17,15:54:31,['SaleIL']
https://agilite.co.il/products/k-zero-%D7%91%D7%94%D7%A0%D7%97%D7%AA-%D7%98%D7%9C%D7%92%D7%A8%D7%9D,k-zero-בהנחת-טלגרם,K-Zero™-  קרמון מיוחדות,9744573890845,True,990.0,990.0,2025-02-17 14:26:24+02:00,hidden,ירוק ריינג'ר / (10x12 or SAPI Medium) - מדיום ,True,126,990.0,ILS,2025-02-17,14:26:24,['hidden']
https://agilite.co.il/products/k-zero-%D7%91%D7%94%D7%A0%D7%97%D7%AA-%D7%98%D7%9C%D7%92%D7%A8%D7%9D,k-zero-בהנחת-טלגרם,K-Zero™-  קרמון מיוחדות,9744573890845,True,990.0,990.0,2025-02-17 14:26:24+02:00,hidden,ירוק ריינג'ר / (SAPI Large)- גדול  ,True,47,990.0,ILS,2025-02-17,14:26:24,['hidden']
https://agilite.co.il/products/k-zero-%D7%91%D7%94%D7%A0%D7%97%D7%AA-%D7%98%D7%9C%D7%92%D7%A8%D7%9D,k-zero-בהנחת-טלגרם,K-Zero™-  קרמון מיוחדות,9744573890845,True,990.0,990.0,2025-02-17 14:26:24+02:00,hidden,שחור / (10x12 or SAPI Medium) - מדיום ,True,101,990.0,ILS,2025-02-17,14:26:24,['hidden']
https://agilite.co.il/products/k-zero-%D7%91%D7%94%D7%A0%D7%97%D7%AA-%D7%98%D7%9C%D7%92%D7%A8%D7%9D,k-zero-בהנחת-טלגרם,K-Zero™-  קרמון מיוחדות,9744573890845,True,990.0,990.0,2025-02-17 14:26:24+02:00,hidden,שחור / (SAPI Large)- גדול  ,False,0,990.0,ILS,2025-02-17,14:26:24,['hidden']
https://agilite.co.il/products/k-zero%E2%84%A2-pro-plate-carrier,k-zero™-pro-plate-carrier, חבילת קרמון K-Zero™ Pro,9842366218525,True,1767.9,1727.9,2025-05-12 13:21:55+03:00,SaleIL,מדיום / מדיום,True,126,1727.9,ILS,2025-05-12,13:21:55,['SaleIL']
https://agilite.co.il/products/k-zero%E2%84%A2-pro-plate-carrier,k-zero™-pro-plate-carrier, חבילת קרמון K-Zero™ Pro,9842366218525,True,1767.9,1727.9,2025-05-12 13:21:55+03:00,SaleIL,מדיום / מדיום,True,47,1727.9,ILS,2025-05-12,13:21:55,['SaleIL']
https://agilite.co.il/products/k-zero%E2%84%A2-pro-plate-carrier,k-zero™-pro-plate-carrier, חבילת קרמון K-Zero™ Pro,9842366218525,True,1767.9,1727.9,2025-05-12 13:21:55+03:00,SaleIL,מדיום / לארג',True,94,1747.9,ILS,2025-05-12,13:21:55,['SaleIL']
https://agilite.co.il/products/k-zero%E2%84%A2-pro-plate-carrier,k-zero™-pro-plate-carrier, חבילת קרמון K-Zero™ Pro,9842366218525,True,1767.9,1727.9,2025-05-12 13:21:55+03:00,SaleIL,מדיום / לארג',True,47,1747.9,ILS,2025-05-12,13:21:55,['SaleIL']
https://agilite.co.il/products/k-zero%E2%84%A2-pro-plate-carrier,k-zero™-pro-plate-carrier, חבילת קרמון K-Zero™ Pro,9842366218525,True,1767.9,1727.9,2025-05-12 13:21:55+03:00,SaleIL,מדיום / אקסטרה לארג',False,-1,1767.9,ILS,2025-05-12,13:21:55,['SaleIL']
https://agilite.co.il/products/k-zero%E2%84%A2-pro-plate-carrier,k-zero™-pro-plate-carrier, חבילת קרמון K-Zero™ Pro,9842366218525,True,1767.9,1727.9,2025-05-12 13:21:55+03:00,SaleIL,מדיום / אקסטרה לארג',False,-1,1767.9,ILS,2025-05-12,13:21:55,['SaleIL']
https://agilite.co.il/products/k-zero-plate-carrier-hesco-3110-level-iii-side-plates,k-zero-plate-carrier-hesco-3110-level-iii-side-plates,חבילת ™K-Zero קרמון + פלטות צד קרמיות רמה 3 - HESCO 3110 LVL III,9850248593693,True,3098.0,2779.0,2025-05-20 15:47:45+03:00,,ירוק ריינג'ר / מדיום / ירוק ריינג'ר,True,126,2779.0,ILS,2025-05-20,15:47:45,['']
https://agilite.co.il/products/k-zero-plate-carrier-hesco-3110-level-iii-side-plates,k-zero-plate-carrier-hesco-3110-level-iii-side-plates,חבילת ™K-Zero קרמון + פלטות צד קרמיות רמה 3 - HESCO 3110 LVL III,9850248593693,True,3098.0,2779.0,2025-05-20 15:47:45+03:00,,ירוק ריינג'ר / מדיום / שחור,True,2,3098.0,ILS,2025-05-20,15:47:45,['']
https://agilite.co.il/products/k-zero-plate-carrier-hesco-3110-level-iii-side-plates,k-zero-plate-carrier-hesco-3110-level-iii-side-plates,חבילת ™K-Zero קרמון + פלטות צד קרמיות רמה 3 - HESCO 3110 LVL III,9850248593693,True,3098.0,2779.0,2025-05-20 15:47:45+03:00,,שחור / מדיום / ירוק ריינג'ר,True,101,2779.0,ILS,2025-05-20,15:47:45,['']
https://agilite.co.il/products/k-zero-plate-carrier-hesco-3110-level-iii-side-plates,k-zero-plate-carrier-hesco-3110-level-iii-side-plates,חבילת ™K-Zero קרמון + פלטות צד קרמיות רמה 3 - HESCO 3110 LVL III,9850248593693,True,3098.0,2779.0,2025-05-20 15:47:45+03:00,,שחור / מדיום / שחור,True,2,3098.0,ILS,2025-05-20,15:47:45,['']
https://agilite.co.il/products/k-zero-plate-carrier-hesco-3110-level-iii-side-plates,k-zero-plate-carrier-hesco-3110-level-iii-side-plates,חבילת ™K-Zero קרמון + פלטות צד קרמיות רמה 3 - HESCO 3110 LVL III,9850248593693,True,3098.0,2779.0,2025-05-20 15:47:45+03:00,,ירוק ריינג'ר / לארג' / ירוק ריינג'ר,True,47,2779.0,ILS,2025-05-20,15:47:45,['']
https://agilite.co.il/products/k-zero-plate-carrier-hesco-3110-level-iii-side-plates,k-zero-plate-carrier-hesco-3110-level-iii-side-plates,חבילת ™K-Zero קרמון + פלטות צד קרמיות רמה 3 - HESCO 3110 LVL III,9850248593693,True,3098.0,2779.0,2025-05-20 15:47:45+03:00,,ירוק ריינג'ר / לארג' / שחור,True,2,3098.0,ILS,2025-05-20,15:47:45,['']
https://agilite.co.il/products/k-zero-plate-carrier-hesco-3110-level-iii-side-plates,k-zero-plate-carrier-hesco-3110-level-iii-side-plates,חבילת ™K-Zero קרמון + פלטות צד קרמיות רמה 3 - HESCO 3110 LVL III,9850248593693,True,3098.0,2779.0,2025-05-20 15:47:45+03:00,,שחור / לארג' / ירוק ריינג'ר,False,0,2779.0,ILS,2025-05-20,15:47:45,['']
https://agilite.co.il/products/k-zero-plate-carrier-hesco-3110-level-iii-side-plates,k-zero-plate-carrier-hesco-3110-level-iii-side-plates,חבילת ™K-Zero קרמון + פלטות צד קרמיות רמה 3 - HESCO 3110 LVL III,9850248593693,True,3098.0,2779.0,2025-05-20 15:47:45+03:00,,שחור / לארג' / שחור,False,0,3098.0,ILS,2025-05-20,15:47:45,['']
https://agilite.co.il/products/k19-plate-carrier,k19-plate-carrier,K-19™ 3.0 קרמון ,8018941411613,True,1229.0,1189.0,2022-11-27 13:49:00+02:00,"70, Combat Gear, everything, Plate Carriers \u0026 Packs, SaleIL",ירוק ריינג'ר,True,167,1189.0,ILS,2022-11-27,13:49:00,"['70', 'Combat Gear', 'everything', 'Plate Carriers \\u0026 Packs', 'SaleIL']"
https://agilite.co.il/products/k19-plate-carrier,k19-plate-carrier,K-19™ 3.0 קרמון ,8018941411613,True,1229.0,1189.0,2022-11-27 13:49:00+02:00,"70, Combat Gear, everything, Plate Carriers \u0026 Packs, SaleIL",מולטיקם,False,0,1229.0,ILS,2022-11-27,13:49:00,"['70', 'Combat Gear', 'everything', 'Plate Carriers \\u0026 Packs', 'SaleIL']"
https://agilite.co.il/products/k19-plate-carrier,k19-plate-carrier,K-19™ 3.0 קרמון ,8018941411613,True,1229.0,1189.0,2022-11-27 13:49:00+02:00,"70, Combat Gear, everything, Plate Carriers \u0026 Packs, SaleIL",אפור,False,0,1189.0,ILS,2022-11-27,13:49:00,"['70', 'Combat Gear', 'everything', 'Plate Carriers \\u0026 Packs', 'SaleIL']"
https://agilite.co.il/products/k19-plate-carrier,k19-plate-carrier,K-19™ 3.0 קרמון ,8018941411613,True,1229.0,1189.0,2022-11-27 13:49:00+02:00,"70, Combat Gear, everything, Plate Carriers \u0026 Packs, SaleIL",שחור,True,38,1189.0,ILS,2022-11-27,13:49:00,"['70', 'Combat Gear', 'everything', 'Plate Carriers \\u0026 Packs', 'SaleIL']"
https://agilite.co.il/products/k19-plate-carrier,k19-plate-carrier,K-19™ 3.0 קרמון ,8018941411613,True,1229.0,1189.0,2022-11-27 13:49:00+02:00,"70, Combat Gear, everything, Plate Carriers \u0026 Packs, SaleIL",מולטיקם שחור,False,0,1229.0,ILS,2022-11-27,13:49:00,"['70', 'Combat Gear', 'everything', 'Plate Carriers \\u0026 Packs', 'SaleIL']"
https://agilite.co.il/products/k19-plate-carrier,k19-plate-carrier,K-19™ 3.0 קרמון ,8018941411613,True,1229.0,1189.0,2022-11-27 13:49:00+02:00,"70, Combat Gear, everything, Plate Carriers \u0026 Packs, SaleIL",חום,False,0,1189.0,ILS,2022-11-27,13:49:00,"['70', 'Combat Gear', 'everything', 'Plate Carriers \\u0026 Packs', 'SaleIL']"
https://agilite.co.il/products/k-19-plate-carrier-back-flap-adapter,k-19-plate-carrier-back-flap-adapter,K19™ - כנף תיאום אחורית לחובק קרמון,8364665078045,True,149.0,149.0,2023-06-07 15:52:04+03:00,SaleIL,ירוק ריינג'ר,True,114,149.0,ILS,2023-06-07,15:52:04,['SaleIL']
https://agilite.co.il/products/k-19-plate-carrier-back-flap-adapter,k-19-plate-carrier-back-flap-adapter,K19™ - כנף תיאום אחורית לחובק קרמון,8364665078045,True,149.0,149.0,2023-06-07 15:52:04+03:00,SaleIL,מולטיקם,False,0,149.0,ILS,2023-06-07,15:52:04,['SaleIL']
https://agilite.co.il/products/k-19-plate-carrier-back-flap-adapter,k-19-plate-carrier-back-flap-adapter,K19™ - כנף תיאום אחורית לחובק קרמון,8364665078045,True,149.0,149.0,2023-06-07 15:52:04+03:00,SaleIL,ירוק,False,0,149.0,ILS,2023-06-07,15:52:04,['SaleIL']
https://agilite.co.il/products/k-19-plate-carrier-back-flap-adapter,k-19-plate-carrier-back-flap-adapter,K19™ - כנף תיאום אחורית לחובק קרמון,8364665078045,True,149.0,149.0,2023-06-07 15:52:04+03:00,SaleIL,חום,False,0,149.0,ILS,2023-06-07,15:52:04,['SaleIL']
https://agilite.co.il/products/laptop-carrier,laptop-carrier,תיק לפטופ טקטי,8018935709981,False,259.9,259.9,2022-11-27 13:39:06+02:00,SaleIL,ירוק ריינג'ר,False,0,259.9,ILS,2022-11-27,13:39:06,['SaleIL']
https://agilite.co.il/products/laptop-carrier,laptop-carrier,תיק לפטופ טקטי,8018935709981,False,259.9,259.9,2022-11-27 13:39:06+02:00,SaleIL,שחור,False,-1,259.9,ILS,2022-11-27,13:39:06,['SaleIL']
https://agilite.co.il/products/laptop-carrier,laptop-carrier,תיק לפטופ טקטי,8018935709981,False,259.9,259.9,2022-11-27 13:39:06+02:00,SaleIL,אפור,False,0,259.9,ILS,2022-11-27,13:39:06,['SaleIL']
https://agilite.co.il/products/magnetix-battle-belt,magnetix-battle-belt,Magnetix™ - חגורת קרב ,9001923838237,True,769.0,769.0,2024-02-05 16:58:35+02:00,SaleIL,ירוק ריינג'ר / סמול,True,51,769.0,ILS,2024-02-05,16:58:35,['SaleIL']
https://agilite.co.il/products/magnetix-battle-belt,magnetix-battle-belt,Magnetix™ - חגורת קרב ,9001923838237,True,769.0,769.0,2024-02-05 16:58:35+02:00,SaleIL,ירוק ריינג'ר / מדיום,True,47,769.0,ILS,2024-02-05,16:58:35,['SaleIL']
https://agilite.co.il/products/magnetix-battle-belt,magnetix-battle-belt,Magnetix™ - חגורת קרב ,9001923838237,True,769.0,769.0,2024-02-05 16:58:35+02:00,SaleIL,ירוק ריינג'ר / לארג',True,48,769.0,ILS,2024-02-05,16:58:35,['SaleIL']
https://agilite.co.il/products/magnetix-battle-belt,magnetix-battle-belt,Magnetix™ - חגורת קרב ,9001923838237,True,769.0,769.0,2024-02-05 16:58:35+02:00,SaleIL,ירוק ריינג'ר / אקסטרה לארג',True,80,769.0,ILS,2024-02-05,16:58:35,['SaleIL']
https://agilite.co.il/products/magnetix-battle-belt,magnetix-battle-belt,Magnetix™ - חגורת קרב ,9001923838237,True,769.0,769.0,2024-02-05 16:58:35+02:00,SaleIL,שחור / סמול,True,36,769.0,ILS,2024-02-05,16:58:35,['SaleIL']
https://agilite.co.il/products/magnetix-battle-belt,magnetix-battle-belt,Magnetix™ - חגורת קרב ,9001923838237,True,769.0,769.0,2024-02-05 16:58:35+02:00,SaleIL,שחור / מדיום,True,10,769.0,ILS,2024-02-05,16:58:35,['SaleIL']
https://agilite.co.il/products/magnetix-battle-belt,magnetix-battle-belt,Magnetix™ - חגורת קרב ,9001923838237,True,769.0,769.0,2024-02-05 16:58:35+02:00,SaleIL,שחור / לארג',True,39,769.0,ILS,2024-02-05,16:58:35,['SaleIL']
https://agilite.co.il/products/magnetix-battle-belt,magnetix-battle-belt,Magnetix™ - חגורת קרב ,9001923838237,True,769.0,769.0,2024-02-05 16:58:35+02:00,SaleIL,שחור / אקסטרה לארג',True,39,769.0,ILS,2024-02-05,16:58:35,['SaleIL']
https://agilite.co.il/products/magnetix-battle-belt,magnetix-battle-belt,Magnetix™ - חגורת קרב ,9001923838237,True,769.0,769.0,2024-02-05 16:58:35+02:00,SaleIL,מולטיקם / סמול,False,0,769.0,ILS,2024-02-05,16:58:35,['SaleIL']
https://agilite.co.il/products/magnetix-battle-belt,magnetix-battle-belt,Magnetix™ - חגורת קרב ,9001923838237,True,769.0,769.0,2024-02-05 16:58:35+02:00,SaleIL,מולטיקם / מדיום,False,0,769.0,ILS,2024-02-05,16:58:35,['SaleIL']
https://agilite.co.il/products/magnetix-battle-belt,magnetix-battle-belt,Magnetix™ - חגורת קרב ,9001923838237,True,769.0,769.0,2024-02-05 16:58:35+02:00,SaleIL,מולטיקם / לארג',False,0,769.0,ILS,2024-02-05,16:58:35,['SaleIL']
https://agilite.co.il/products/magnetix-battle-belt,magnetix-battle-belt,Magnetix™ - חגורת קרב ,9001923838237,True,769.0,769.0,2024-02-05 16:58:35+02:00,SaleIL,מולטיקם / אקסטרה לארג',False,0,769.0,ILS,2024-02-05,16:58:35,['SaleIL']
https://agilite.co.il/products/magnetix%E2%84%A2-battle-belt-loadout,magnetix™-battle-belt-loadout,חבילת חגורת קרב ™Magnetix מזוודת,9775053832477,False,1622.47,1622.47,2025-03-25 09:57:54+02:00,SaleIL,סמול,False,-1,1622.47,ILS,2025-03-25,09:57:54,['SaleIL']
https://agilite.co.il/products/magnetix%E2%84%A2-battle-belt-loadout,magnetix™-battle-belt-loadout,חבילת חגורת קרב ™Magnetix מזוודת,9775053832477,False,1622.47,1622.47,2025-03-25 09:57:54+02:00,SaleIL,מדיום,False,-1,1622.47,ILS,2025-03-25,09:57:54,['SaleIL']
https://agilite.co.il/products/magnetix%E2%84%A2-battle-belt-loadout,magnetix™-battle-belt-loadout,חבילת חגורת קרב ™Magnetix מזוודת,9775053832477,False,1622.47,1622.47,2025-03-25 09:57:54+02:00,SaleIL,לארג',False,-1,1622.47,ILS,2025-03-25,09:57:54,['SaleIL']
https://agilite.co.il/products/magnetix%E2%84%A2-battle-belt-loadout,magnetix™-battle-belt-loadout,חבילת חגורת קרב ™Magnetix מזוודת,9775053832477,False,1622.47,1622.47,2025-03-25 09:57:54+02:00,SaleIL,אקסטרה לארג',False,-1,1622.47,ILS,2025-03-25,09:57:54,['SaleIL']
https://agilite.co.il/products/magnetix%E2%84%A2-battle-belt-%D7%91%D7%94%D7%A0%D7%97%D7%AA-%D7%98%D7%9C%D7%92%D7%A8%D7%9D,magnetix™-battle-belt-בהנחת-טלגרם,Magnetix™ - חגורת קרב ,9794227274013,True,650.0,650.0,2025-03-30 14:32:54+03:00,hidden,ירוק ריינג'ר / סמול,True,51,650.0,ILS,2025-03-30,14:32:54,['hidden']
https://agilite.co.il/products/magnetix%E2%84%A2-battle-belt-%D7%91%D7%94%D7%A0%D7%97%D7%AA-%D7%98%D7%9C%D7%92%D7%A8%D7%9D,magnetix™-battle-belt-בהנחת-טלגרם,Magnetix™ - חגורת קרב ,9794227274013,True,650.0,650.0,2025-03-30 14:32:54+03:00,hidden,ירוק ריינג'ר / מדיום,True,47,650.0,ILS,2025-03-30,14:32:54,['hidden']
https://agilite.co.il/products/magnetix%E2%84%A2-battle-belt-%D7%91%D7%94%D7%A0%D7%97%D7%AA-%D7%98%D7%9C%D7%92%D7%A8%D7%9D,magnetix™-battle-belt-בהנחת-טלגרם,Magnetix™ - חגורת קרב ,9794227274013,True,650.0,650.0,2025-03-30 14:32:54+03:00,hidden,ירוק ריינג'ר / לארג',True,48,650.0,ILS,2025-03-30,14:32:54,['hidden']
https://agilite.co.il/products/magnetix%E2%84%A2-battle-belt-%D7%91%D7%94%D7%A0%D7%97%D7%AA-%D7%98%D7%9C%D7%92%D7%A8%D7%9D,magnetix™-battle-belt-בהנחת-טלגרם,Magnetix™ - חגורת קרב ,9794227274013,True,650.0,650.0,2025-03-30 14:32:54+03:00,hidden,ירוק ריינג'ר / אקסטרה לארג',True,80,650.0,ILS,2025-03-30,14:32:54,['hidden']
https://agilite.co.il/products/magnetix%E2%84%A2-battle-belt-%D7%91%D7%94%D7%A0%D7%97%D7%AA-%D7%98%D7%9C%D7%92%D7%A8%D7%9D,magnetix™-battle-belt-בהנחת-טלגרם,Magnetix™ - חגורת קרב ,9794227274013,True,650.0,650.0,2025-03-30 14:32:54+03:00,hidden,שחור / סמול,True,36,650.0,ILS,2025-03-30,14:32:54,['hidden']
https://agilite.co.il/products/magnetix%E2%84%A2-battle-belt-%D7%91%D7%94%D7%A0%D7%97%D7%AA-%D7%98%D7%9C%D7%92%D7%A8%D7%9D,magnetix™-battle-belt-בהנחת-טלגרם,Magnetix™ - חגורת קרב ,9794227274013,True,650.0,650.0,2025-03-30 14:32:54+03:00,hidden,שחור / מדיום,True,10,650.0,ILS,2025-03-30,14:32:54,['hidden']
https://agilite.co.il/products/magnetix%E2%84%A2-battle-belt-%D7%91%D7%94%D7%A0%D7%97%D7%AA-%D7%98%D7%9C%D7%92%D7%A8%D7%9D,magnetix™-battle-belt-בהנחת-טלגרם,Magnetix™ - חגורת קרב ,9794227274013,True,650.0,650.0,2025-03-30 14:32:54+03:00,hidden,שחור / לארג',True,39,650.0,ILS,2025-03-30,14:32:54,['hidden']
https://agilite.co.il/products/magnetix%E2%84%A2-battle-belt-%D7%91%D7%94%D7%A0%D7%97%D7%AA-%D7%98%D7%9C%D7%92%D7%A8%D7%9D,magnetix™-battle-belt-בהנחת-טלגרם,Magnetix™ - חגורת קרב ,9794227274013,True,650.0,650.0,2025-03-30 14:32:54+03:00,hidden,שחור / אקסטרה לארג',True,39,650.0,ILS,2025-03-30,14:32:54,['hidden']
https://agilite.co.il/products/magnetix%E2%84%A2-battle-belt-%D7%91%D7%94%D7%A0%D7%97%D7%AA-%D7%98%D7%9C%D7%92%D7%A8%D7%9D,magnetix™-battle-belt-בהנחת-טלגרם,Magnetix™ - חגורת קרב ,9794227274013,True,650.0,650.0,2025-03-30 14:32:54+03:00,hidden,מולטיקם / סמול,False,0,650.0,ILS,2025-03-30,14:32:54,['hidden']
https://agilite.co.il/products/magnetix%E2%84%A2-battle-belt-%D7%91%D7%94%D7%A0%D7%97%D7%AA-%D7%98%D7%9C%D7%92%D7%A8%D7%9D,magnetix™-battle-belt-בהנחת-טלגרם,Magnetix™ - חגורת קרב ,9794227274013,True,650.0,650.0,2025-03-30 14:32:54+03:00,hidden,מולטיקם / מדיום,False,0,650.0,ILS,2025-03-30,14:32:54,['hidden']
https://agilite.co.il/products/magnetix%E2%84%A2-battle-belt-%D7%91%D7%94%D7%A0%D7%97%D7%AA-%D7%98%D7%9C%D7%92%D7%A8%D7%9D,magnetix™-battle-belt-בהנחת-טלגרם,Magnetix™ - חגורת קרב ,9794227274013,True,650.0,650.0,2025-03-30 14:32:54+03:00,hidden,מולטיקם / לארג',False,0,650.0,ILS,2025-03-30,14:32:54,['hidden']
https://agilite.co.il/products/magnetix%E2%84%A2-battle-belt-%D7%91%D7%94%D7%A0%D7%97%D7%AA-%D7%98%D7%9C%D7%92%D7%A8%D7%9D,magnetix™-battle-belt-בהנחת-טלגרם,Magnetix™ - חגורת קרב ,9794227274013,True,650.0,650.0,2025-03-30 14:32:54+03:00,hidden,מולטיקם / אקסטרה לארג',False,0,650.0,ILS,2025-03-30,14:32:54,['hidden']
https://agilite.co.il/products/magnetix-edc-battle-belt,magnetix-edc-battle-belt,חגורת Magnetix™לנשיאה יומיומית,9365834268957,False,217.18,217.18,2024-07-01 09:32:53+03:00,"Low on stock, SaleIL",ירוק ריינג'ר / מדיום,False,0,217.18,ILS,2024-07-01,09:32:53,"['Low on stock', 'SaleIL']"
https://agilite.co.il/products/magnetix-edc-battle-belt,magnetix-edc-battle-belt,חגורת Magnetix™לנשיאה יומיומית,9365834268957,False,217.18,217.18,2024-07-01 09:32:53+03:00,"Low on stock, SaleIL",ירוק ריינג'ר / לארג',False,0,217.18,ILS,2024-07-01,09:32:53,"['Low on stock', 'SaleIL']"
https://agilite.co.il/products/magnetix-edc-battle-belt,magnetix-edc-battle-belt,חגורת Magnetix™לנשיאה יומיומית,9365834268957,False,217.18,217.18,2024-07-01 09:32:53+03:00,"Low on stock, SaleIL",ירוק ריינג'ר / אקסטרה לארג',False,0,217.18,ILS,2024-07-01,09:32:53,"['Low on stock', 'SaleIL']"
https://agilite.co.il/products/magnetix-edc-battle-belt,magnetix-edc-battle-belt,חגורת Magnetix™לנשיאה יומיומית,9365834268957,False,217.18,217.18,2024-07-01 09:32:53+03:00,"Low on stock, SaleIL",מולטיקם / מדיום,False,0,217.18,ILS,2024-07-01,09:32:53,"['Low on stock', 'SaleIL']"
https://agilite.co.il/products/magnetix-edc-battle-belt,magnetix-edc-battle-belt,חגורת Magnetix™לנשיאה יומיומית,9365834268957,False,217.18,217.18,2024-07-01 09:32:53+03:00,"Low on stock, SaleIL",מולטיקם / לארג',False,0,217.18,ILS,2024-07-01,09:32:53,"['Low on stock', 'SaleIL']"
https://agilite.co.il/products/magnetix-edc-battle-belt,magnetix-edc-battle-belt,חגורת Magnetix™לנשיאה יומיומית,9365834268957,False,217.18,217.18,2024-07-01 09:32:53+03:00,"Low on stock, SaleIL",מולטיקם / אקסטרה לארג',False,0,217.18,ILS,2024-07-01,09:32:53,"['Low on stock', 'SaleIL']"
https://agilite.co.il/products/magnetix-edc-battle-belt,magnetix-edc-battle-belt,חגורת Magnetix™לנשיאה יומיומית,9365834268957,False,217.18,217.18,2024-07-01 09:32:53+03:00,"Low on stock, SaleIL",שחור / מדיום,False,0,217.18,ILS,2024-07-01,09:32:53,"['Low on stock', 'SaleIL']"
https://agilite.co.il/products/magnetix-edc-battle-belt,magnetix-edc-battle-belt,חגורת Magnetix™לנשיאה יומיומית,9365834268957,False,217.18,217.18,2024-07-01 09:32:53+03:00,"Low on stock, SaleIL",שחור / לארג',False,-1,217.18,ILS,2024-07-01,09:32:53,"['Low on stock', 'SaleIL']"
https://agilite.co.il/products/magnetix-edc-battle-belt,magnetix-edc-battle-belt,חגורת Magnetix™לנשיאה יומיומית,9365834268957,False,217.18,217.18,2024-07-01 09:32:53+03:00,"Low on stock, SaleIL",שחור / אקסטרה לארג',False,0,217.18,ILS,2024-07-01,09:32:53,"['Low on stock', 'SaleIL']"
https://agilite.co.il/products/matol-pouch,matol-pouch,פאוץ' למטול,9365760147741,True,99.9,99.9,2024-06-06 09:42:52+03:00,SaleIL,ירוק ריינג'ר,True,10,99.9,ILS,2024-06-06,09:42:52,['SaleIL']
https://agilite.co.il/products/md2-compact-trauma-kit-contents,md2-compact-trauma-kit-contents,"ציוד רפואי לער""ד",9306905805085,False,267.93,267.93,2024-05-22 12:41:58+03:00,SaleIL,Default Title,False,0,267.93,ILS,2024-05-22,12:41:58,['SaleIL']
https://agilite.co.il/products/%D7%A2%D7%A8%D7%93-%D7%A2%D7%A8%D7%9B%D7%AA-%D7%A8%D7%A4%D7%95%D7%90%D7%94-%D7%93%D7%97%D7%95%D7%A4%D7%94,ערד-ערכת-רפואה-דחופה,"ער""ד ללוחם (ערכת רפואה דחופה) ™MD2",9306896826653,True,282.47,282.47,2024-05-22 12:41:32+03:00,SaleIL,ירוק ריינג'ר,True,213,282.47,ILS,2024-05-22,12:41:32,['SaleIL']
https://agilite.co.il/products/%D7%A2%D7%A8%D7%93-%D7%A2%D7%A8%D7%9B%D7%AA-%D7%A8%D7%A4%D7%95%D7%90%D7%94-%D7%93%D7%97%D7%95%D7%A4%D7%94,ערד-ערכת-רפואה-דחופה,"ער""ד ללוחם (ערכת רפואה דחופה) ™MD2",9306896826653,True,282.47,282.47,2024-05-22 12:41:32+03:00,SaleIL,מולטיקם,False,0,282.47,ILS,2024-05-22,12:41:32,['SaleIL']
https://agilite.co.il/products/%D7%A2%D7%A8%D7%93-%D7%A2%D7%A8%D7%9B%D7%AA-%D7%A8%D7%A4%D7%95%D7%90%D7%94-%D7%93%D7%97%D7%95%D7%A4%D7%94,ערד-ערכת-רפואה-דחופה,"ער""ד ללוחם (ערכת רפואה דחופה) ™MD2",9306896826653,True,282.47,282.47,2024-05-22 12:41:32+03:00,SaleIL,שחור,True,113,282.47,ILS,2024-05-22,12:41:32,['SaleIL']
https://agilite.co.il/products/mechanix-m-pact-agilite-edition,mechanix-m-pact-agilite-edition,Mechanix M-PACT® Agilite Edition - כפפות טקטיות,8018940756253,True,169.0,169.0,2023-10-19 12:36:51+03:00,"apparel, Combat Gear, everything, SaleIL",XS / הסוואה,True,49,169.0,ILS,2023-10-19,12:36:51,"['apparel', 'Combat Gear', 'everything', 'SaleIL']"
https://agilite.co.il/products/mechanix-m-pact-agilite-edition,mechanix-m-pact-agilite-edition,Mechanix M-PACT® Agilite Edition - כפפות טקטיות,8018940756253,True,169.0,169.0,2023-10-19 12:36:51+03:00,"apparel, Combat Gear, everything, SaleIL",XS / שחור,True,38,169.0,ILS,2023-10-19,12:36:51,"['apparel', 'Combat Gear', 'everything', 'SaleIL']"
https://agilite.co.il/products/mechanix-m-pact-agilite-edition,mechanix-m-pact-agilite-edition,Mechanix M-PACT® Agilite Edition - כפפות טקטיות,8018940756253,True,169.0,169.0,2023-10-19 12:36:51+03:00,"apparel, Combat Gear, everything, SaleIL",S / הסוואה,True,124,169.0,ILS,2023-10-19,12:36:51,"['apparel', 'Combat Gear', 'everything', 'SaleIL']"
https://agilite.co.il/products/mechanix-m-pact-agilite-edition,mechanix-m-pact-agilite-edition,Mechanix M-PACT® Agilite Edition - כפפות טקטיות,8018940756253,True,169.0,169.0,2023-10-19 12:36:51+03:00,"apparel, Combat Gear, everything, SaleIL",S / שחור,True,115,169.0,ILS,2023-10-19,12:36:51,"['apparel', 'Combat Gear', 'everything', 'SaleIL']"
https://agilite.co.il/products/mechanix-m-pact-agilite-edition,mechanix-m-pact-agilite-edition,Mechanix M-PACT® Agilite Edition - כפפות טקטיות,8018940756253,True,169.0,169.0,2023-10-19 12:36:51+03:00,"apparel, Combat Gear, everything, SaleIL",M / הסוואה,True,6,169.0,ILS,2023-10-19,12:36:51,"['apparel', 'Combat Gear', 'everything', 'SaleIL']"
https://agilite.co.il/products/mechanix-m-pact-agilite-edition,mechanix-m-pact-agilite-edition,Mechanix M-PACT® Agilite Edition - כפפות טקטיות,8018940756253,True,169.0,169.0,2023-10-19 12:36:51+03:00,"apparel, Combat Gear, everything, SaleIL",M / שחור,True,6,169.0,ILS,2023-10-19,12:36:51,"['apparel', 'Combat Gear', 'everything', 'SaleIL']"
https://agilite.co.il/products/mechanix-m-pact-agilite-edition,mechanix-m-pact-agilite-edition,Mechanix M-PACT® Agilite Edition - כפפות טקטיות,8018940756253,True,169.0,169.0,2023-10-19 12:36:51+03:00,"apparel, Combat Gear, everything, SaleIL",L / הסוואה,True,283,169.0,ILS,2023-10-19,12:36:51,"['apparel', 'Combat Gear', 'everything', 'SaleIL']"
https://agilite.co.il/products/mechanix-m-pact-agilite-edition,mechanix-m-pact-agilite-edition,Mechanix M-PACT® Agilite Edition - כפפות טקטיות,8018940756253,True,169.0,169.0,2023-10-19 12:36:51+03:00,"apparel, Combat Gear, everything, SaleIL",L / שחור,True,46,169.0,ILS,2023-10-19,12:36:51,"['apparel', 'Combat Gear', 'everything', 'SaleIL']"
https://agilite.co.il/products/mechanix-m-pact-agilite-edition,mechanix-m-pact-agilite-edition,Mechanix M-PACT® Agilite Edition - כפפות טקטיות,8018940756253,True,169.0,169.0,2023-10-19 12:36:51+03:00,"apparel, Combat Gear, everything, SaleIL",XL / הסוואה,True,202,169.0,ILS,2023-10-19,12:36:51,"['apparel', 'Combat Gear', 'everything', 'SaleIL']"
https://agilite.co.il/products/mechanix-m-pact-agilite-edition,mechanix-m-pact-agilite-edition,Mechanix M-PACT® Agilite Edition - כפפות טקטיות,8018940756253,True,169.0,169.0,2023-10-19 12:36:51+03:00,"apparel, Combat Gear, everything, SaleIL",XL / שחור,True,232,169.0,ILS,2023-10-19,12:36:51,"['apparel', 'Combat Gear', 'everything', 'SaleIL']"
https://agilite.co.il/products/mechanix-m-pact-agilite-edition,mechanix-m-pact-agilite-edition,Mechanix M-PACT® Agilite Edition - כפפות טקטיות,8018940756253,True,169.0,169.0,2023-10-19 12:36:51+03:00,"apparel, Combat Gear, everything, SaleIL",XXL / הסוואה,True,22,169.0,ILS,2023-10-19,12:36:51,"['apparel', 'Combat Gear', 'everything', 'SaleIL']"
https://agilite.co.il/products/mechanix-m-pact-agilite-edition,mechanix-m-pact-agilite-edition,Mechanix M-PACT® Agilite Edition - כפפות טקטיות,8018940756253,True,169.0,169.0,2023-10-19 12:36:51+03:00,"apparel, Combat Gear, everything, SaleIL",XXL / שחור,True,8,169.0,ILS,2023-10-19,12:36:51,"['apparel', 'Combat Gear', 'everything', 'SaleIL']"
https://agilite.co.il/products/micro-map,micro-map,Micro MAP™ - תיק תקיפה זעיר,8686706589981,True,639.0,599.0,2023-10-19 10:12:21+03:00,SaleIL,ירוק ריינג'ר,True,224,599.0,ILS,2023-10-19,10:12:21,['SaleIL']
https://agilite.co.il/products/micro-map,micro-map,Micro MAP™ - תיק תקיפה זעיר,8686706589981,True,639.0,599.0,2023-10-19 10:12:21+03:00,SaleIL,מולטיקם,False,0,639.0,ILS,2023-10-19,10:12:21,['SaleIL']
https://agilite.co.il/products/micro-map,micro-map,Micro MAP™ - תיק תקיפה זעיר,8686706589981,True,639.0,599.0,2023-10-19 10:12:21+03:00,SaleIL,שחור,True,156,599.0,ILS,2023-10-19,10:12:21,['SaleIL']
https://agilite.co.il/products/modular-elastic-cummerbund,modular-elastic-cummerbund,חובק קרמון אלסטי,9721787679005,True,319.99,319.99,2025-01-30 10:19:48+02:00,"Combat Gear, SaleIL",ירוק ריינג'ר,True,29,319.99,ILS,2025-01-30,10:19:48,"['Combat Gear', 'SaleIL']"
https://agilite.co.il/products/modular-elastic-cummerbund,modular-elastic-cummerbund,חובק קרמון אלסטי,9721787679005,True,319.99,319.99,2025-01-30 10:19:48+02:00,"Combat Gear, SaleIL",שחור ,True,81,319.99,ILS,2025-01-30,10:19:48,"['Combat Gear', 'SaleIL']"
https://agilite.co.il/products/modular-elastic-cummerbund,modular-elastic-cummerbund,חובק קרמון אלסטי,9721787679005,True,319.99,319.99,2025-01-30 10:19:48+02:00,"Combat Gear, SaleIL",מולטיקם,False,0,319.99,ILS,2025-01-30,10:19:48,"['Combat Gear', 'SaleIL']"
https://agilite.co.il/products/molle-hanger,molle-hanger,מתלה MOLLE ,9306910359837,True,126.9,126.9,2024-05-22 12:42:13+03:00,SaleIL,ירוק ריינג'ר,True,167,126.9,ILS,2024-05-22,12:42:13,['SaleIL']
https://agilite.co.il/products/molle-hanger,molle-hanger,מתלה MOLLE ,9306910359837,True,126.9,126.9,2024-05-22 12:42:13+03:00,SaleIL,חום,False,0,126.9,ILS,2024-05-22,12:42:13,['SaleIL']
https://agilite.co.il/products/molle-hanger,molle-hanger,מתלה MOLLE ,9306910359837,True,126.9,126.9,2024-05-22 12:42:13+03:00,SaleIL,שחור,True,48,126.9,ILS,2024-05-22,12:42:13,['SaleIL']
https://agilite.co.il/products/k-series-hydration-attach-straps,k-series-hydration-attach-straps,רצועות חיבור מודולריות לשלוקר,8018938855709,False,51.9,51.9,2022-11-27 13:44:02+02:00,"everything, Hydration, MOLLE, QASM, SaleIL, tactical hydration",חום,False,0,51.9,ILS,2022-11-27,13:44:02,"['everything', 'Hydration', 'MOLLE', 'QASM', 'SaleIL', 'tactical hydration']"
https://agilite.co.il/products/k-series-hydration-attach-straps,k-series-hydration-attach-straps,רצועות חיבור מודולריות לשלוקר,8018938855709,False,51.9,51.9,2022-11-27 13:44:02+02:00,"everything, Hydration, MOLLE, QASM, SaleIL, tactical hydration",חום,False,0,51.9,ILS,2022-11-27,13:44:02,"['everything', 'Hydration', 'MOLLE', 'QASM', 'SaleIL', 'tactical hydration']"
https://agilite.co.il/products/k-series-hydration-attach-straps,k-series-hydration-attach-straps,רצועות חיבור מודולריות לשלוקר,8018938855709,False,51.9,51.9,2022-11-27 13:44:02+02:00,"everything, Hydration, MOLLE, QASM, SaleIL, tactical hydration",שחור,False,0,51.9,ILS,2022-11-27,13:44:02,"['everything', 'Hydration', 'MOLLE', 'QASM', 'SaleIL', 'tactical hydration']"
https://agilite.co.il/products/k-series-hydration-attach-straps,k-series-hydration-attach-straps,רצועות חיבור מודולריות לשלוקר,8018938855709,False,51.9,51.9,2022-11-27 13:44:02+02:00,"everything, Hydration, MOLLE, QASM, SaleIL, tactical hydration",ירוק זית,False,0,51.9,ILS,2022-11-27,13:44:02,"['everything', 'Hydration', 'MOLLE', 'QASM', 'SaleIL', 'tactical hydration']"
https://agilite.co.il/products/molle-hydration-attach-straps-edge,molle-hydration-attach-straps-edge,MOLLE רצועות חיבור שלוקר,8018941772061,False,0.0,0.0,2022-11-27 13:49:40+02:00,"everything, SaleIL",חום,False,0,0.0,ILS,2022-11-27,13:49:40,"['everything', 'SaleIL']"
https://agilite.co.il/products/molle-hydration-attach-straps-edge,molle-hydration-attach-straps-edge,MOLLE רצועות חיבור שלוקר,8018941772061,False,0.0,0.0,2022-11-27 13:49:40+02:00,"everything, SaleIL",מולטיקם,False,0,0.0,ILS,2022-11-27,13:49:40,"['everything', 'SaleIL']"
https://agilite.co.il/products/molle-hydration-attach-straps-edge,molle-hydration-attach-straps-edge,MOLLE רצועות חיבור שלוקר,8018941772061,False,0.0,0.0,2022-11-27 13:49:40+02:00,"everything, SaleIL",שחור,False,0,0.0,ILS,2022-11-27,13:49:40,"['everything', 'SaleIL']"
https://agilite.co.il/products/molle-hydration-attach-straps-edge,molle-hydration-attach-straps-edge,MOLLE רצועות חיבור שלוקר,8018941772061,False,0.0,0.0,2022-11-27 13:49:40+02:00,"everything, SaleIL",ירוק זית,False,0,0.0,ILS,2022-11-27,13:49:40,"['everything', 'SaleIL']"
https://agilite.co.il/products/mtek-flux-cover-gen-4,mtek-flux-cover-gen-4,MTEK® FLUX Gen4 - כיסוי קסדה,8018939838749,True,279.0,279.0,2022-11-27 13:45:56+02:00,"everything, helmet covers, OTHER HELMET COVERS",מולטיקם / M/L,True,0,279.0,ILS,2022-11-27,13:45:56,"['everything', 'helmet covers', 'OTHER HELMET COVERS']"
https://agilite.co.il/products/mtek-flux-cover-gen-4,mtek-flux-cover-gen-4,MTEK® FLUX Gen4 - כיסוי קסדה,8018939838749,True,279.0,279.0,2022-11-27 13:45:56+02:00,"everything, helmet covers, OTHER HELMET COVERS",מולטיקם / L/XL,False,0,279.0,ILS,2022-11-27,13:45:56,"['everything', 'helmet covers', 'OTHER HELMET COVERS']"
https://agilite.co.il/products/mtek-flux-cover-gen-4,mtek-flux-cover-gen-4,MTEK® FLUX Gen4 - כיסוי קסדה,8018939838749,True,279.0,279.0,2022-11-27 13:45:56+02:00,"everything, helmet covers, OTHER HELMET COVERS",ירוק ריינג'ר / M/L,True,52,279.0,ILS,2022-11-27,13:45:56,"['everything', 'helmet covers', 'OTHER HELMET COVERS']"
https://agilite.co.il/products/mtek-flux-cover-gen-4,mtek-flux-cover-gen-4,MTEK® FLUX Gen4 - כיסוי קסדה,8018939838749,True,279.0,279.0,2022-11-27 13:45:56+02:00,"everything, helmet covers, OTHER HELMET COVERS",ירוק ריינג'ר / L/XL,True,52,279.0,ILS,2022-11-27,13:45:56,"['everything', 'helmet covers', 'OTHER HELMET COVERS']"
https://agilite.co.il/products/mtek-flux-cover-gen-4,mtek-flux-cover-gen-4,MTEK® FLUX Gen4 - כיסוי קסדה,8018939838749,True,279.0,279.0,2022-11-27 13:45:56+02:00,"everything, helmet covers, OTHER HELMET COVERS",שחור / M/L,False,0,279.0,ILS,2022-11-27,13:45:56,"['everything', 'helmet covers', 'OTHER HELMET COVERS']"
https://agilite.co.il/products/mtek-flux-cover-gen-4,mtek-flux-cover-gen-4,MTEK® FLUX Gen4 - כיסוי קסדה,8018939838749,True,279.0,279.0,2022-11-27 13:45:56+02:00,"everything, helmet covers, OTHER HELMET COVERS",שחור / L/XL,False,0,279.0,ILS,2022-11-27,13:45:56,"['everything', 'helmet covers', 'OTHER HELMET COVERS']"
https://agilite.co.il/products/ops-core-fast-bump-carbon-high-cut-helmet-cover-gen4,ops-core-fast-bump-carbon-high-cut-helmet-cover-gen4,Ops-Core® FAST BUMP/Carbon High Cut Gen4 - כיסוי קסדה חיתוך גבוה,8018941280541,True,279.0,279.0,2022-11-27 13:48:44+02:00,"60, everything, helmet covers, OPS-CORE HELMET COVERS",לארג' - מדיום  / הסוואה,True,1,279.0,ILS,2022-11-27,13:48:44,"['60', 'everything', 'helmet covers', 'OPS-CORE HELMET COVERS']"
https://agilite.co.il/products/ops-core-fast-bump-carbon-high-cut-helmet-cover-gen4,ops-core-fast-bump-carbon-high-cut-helmet-cover-gen4,Ops-Core® FAST BUMP/Carbon High Cut Gen4 - כיסוי קסדה חיתוך גבוה,8018941280541,True,279.0,279.0,2022-11-27 13:48:44+02:00,"60, everything, helmet covers, OPS-CORE HELMET COVERS",לארג' - מדיום  / ירוק זית,True,429,279.0,ILS,2022-11-27,13:48:44,"['60', 'everything', 'helmet covers', 'OPS-CORE HELMET COVERS']"
https://agilite.co.il/products/ops-core-fast-bump-carbon-high-cut-helmet-cover-gen4,ops-core-fast-bump-carbon-high-cut-helmet-cover-gen4,Ops-Core® FAST BUMP/Carbon High Cut Gen4 - כיסוי קסדה חיתוך גבוה,8018941280541,True,279.0,279.0,2022-11-27 13:48:44+02:00,"60, everything, helmet covers, OPS-CORE HELMET COVERS",'אקסטרה לארג' - לארג / הסוואה,True,28,279.0,ILS,2022-11-27,13:48:44,"['60', 'everything', 'helmet covers', 'OPS-CORE HELMET COVERS']"
https://agilite.co.il/products/ops-core-fast-bump-carbon-high-cut-helmet-cover-gen4,ops-core-fast-bump-carbon-high-cut-helmet-cover-gen4,Ops-Core® FAST BUMP/Carbon High Cut Gen4 - כיסוי קסדה חיתוך גבוה,8018941280541,True,279.0,279.0,2022-11-27 13:48:44+02:00,"60, everything, helmet covers, OPS-CORE HELMET COVERS",'אקסטרה לארג' - לארג / ירוק זית,True,481,279.0,ILS,2022-11-27,13:48:44,"['60', 'everything', 'helmet covers', 'OPS-CORE HELMET COVERS']"
https://agilite.co.il/products/ops-core-fast-st-xp-helmet-cover-gen4,ops-core-fast-st-xp-helmet-cover-gen4,Ops-Core® FAST ST/XP High Cut Gen4 - כיסוי קסדה חיתוך גבוה,8018940920093,True,279.0,279.0,2022-11-27 13:48:07+02:00,"60, everything, helmet covers, OPS-CORE HELMET COVERS",מדיום - סמול / הסוואה,True,1,279.0,ILS,2022-11-27,13:48:07,"['60', 'everything', 'helmet covers', 'OPS-CORE HELMET COVERS']"
https://agilite.co.il/products/ops-core-fast-st-xp-helmet-cover-gen4,ops-core-fast-st-xp-helmet-cover-gen4,Ops-Core® FAST ST/XP High Cut Gen4 - כיסוי קסדה חיתוך גבוה,8018940920093,True,279.0,279.0,2022-11-27 13:48:07+02:00,"60, everything, helmet covers, OPS-CORE HELMET COVERS",מדיום - סמול / ירוק זית,True,429,279.0,ILS,2022-11-27,13:48:07,"['60', 'everything', 'helmet covers', 'OPS-CORE HELMET COVERS']"
https://agilite.co.il/products/ops-core-fast-st-xp-helmet-cover-gen4,ops-core-fast-st-xp-helmet-cover-gen4,Ops-Core® FAST ST/XP High Cut Gen4 - כיסוי קסדה חיתוך גבוה,8018940920093,True,279.0,279.0,2022-11-27 13:48:07+02:00,"60, everything, helmet covers, OPS-CORE HELMET COVERS",'מדיום - לארג / הסוואה,True,29,279.0,ILS,2022-11-27,13:48:07,"['60', 'everything', 'helmet covers', 'OPS-CORE HELMET COVERS']"
https://agilite.co.il/products/ops-core-fast-st-xp-helmet-cover-gen4,ops-core-fast-st-xp-helmet-cover-gen4,Ops-Core® FAST ST/XP High Cut Gen4 - כיסוי קסדה חיתוך גבוה,8018940920093,True,279.0,279.0,2022-11-27 13:48:07+02:00,"60, everything, helmet covers, OPS-CORE HELMET COVERS",'מדיום - לארג / ירוק זית,True,481,279.0,ILS,2022-11-27,13:48:07,"['60', 'everything', 'helmet covers', 'OPS-CORE HELMET COVERS']"
https://agilite.co.il/products/ops-core-fast-st-xp-helmet-cover-gen4,ops-core-fast-st-xp-helmet-cover-gen4,Ops-Core® FAST ST/XP High Cut Gen4 - כיסוי קסדה חיתוך גבוה,8018940920093,True,279.0,279.0,2022-11-27 13:48:07+02:00,"60, everything, helmet covers, OPS-CORE HELMET COVERS",'אקסטרה לארג' - לארג / הסוואה,True,130,279.0,ILS,2022-11-27,13:48:07,"['60', 'everything', 'helmet covers', 'OPS-CORE HELMET COVERS']"
https://agilite.co.il/products/ops-core-fast-st-xp-helmet-cover-gen4,ops-core-fast-st-xp-helmet-cover-gen4,Ops-Core® FAST ST/XP High Cut Gen4 - כיסוי קסדה חיתוך גבוה,8018940920093,True,279.0,279.0,2022-11-27 13:48:07+02:00,"60, everything, helmet covers, OPS-CORE HELMET COVERS",'אקסטרה לארג' - לארג / ירוק זית,True,152,279.0,ILS,2022-11-27,13:48:07,"['60', 'everything', 'helmet covers', 'OPS-CORE HELMET COVERS']"
https://agilite.co.il/products/ops-core-maritime-fastsf-helmet-cover-gen4,ops-core-maritime-fastsf-helmet-cover-gen4,Ops-Core® Maritime/FAST SF Super High Cut Gen4 - +כיסוי קסדה חיתוך גבוה,8018939773213,True,279.0,279.0,2022-11-27 13:45:42+02:00,"60, everything, helmet covers, OPS-CORE HELMET COVERS",מדיום - סמול / הסוואה,True,16,279.0,ILS,2022-11-27,13:45:42,"['60', 'everything', 'helmet covers', 'OPS-CORE HELMET COVERS']"
https://agilite.co.il/products/ops-core-maritime-fastsf-helmet-cover-gen4,ops-core-maritime-fastsf-helmet-cover-gen4,Ops-Core® Maritime/FAST SF Super High Cut Gen4 - +כיסוי קסדה חיתוך גבוה,8018939773213,True,279.0,279.0,2022-11-27 13:45:42+02:00,"60, everything, helmet covers, OPS-CORE HELMET COVERS",מדיום - סמול / ירוק זית,True,103,279.0,ILS,2022-11-27,13:45:42,"['60', 'everything', 'helmet covers', 'OPS-CORE HELMET COVERS']"
https://agilite.co.il/products/ops-core-maritime-fastsf-helmet-cover-gen4,ops-core-maritime-fastsf-helmet-cover-gen4,Ops-Core® Maritime/FAST SF Super High Cut Gen4 - +כיסוי קסדה חיתוך גבוה,8018939773213,True,279.0,279.0,2022-11-27 13:45:42+02:00,"60, everything, helmet covers, OPS-CORE HELMET COVERS",'מדיום - לארג / הסוואה,True,117,279.0,ILS,2022-11-27,13:45:42,"['60', 'everything', 'helmet covers', 'OPS-CORE HELMET COVERS']"
https://agilite.co.il/products/ops-core-maritime-fastsf-helmet-cover-gen4,ops-core-maritime-fastsf-helmet-cover-gen4,Ops-Core® Maritime/FAST SF Super High Cut Gen4 - +כיסוי קסדה חיתוך גבוה,8018939773213,True,279.0,279.0,2022-11-27 13:45:42+02:00,"60, everything, helmet covers, OPS-CORE HELMET COVERS",'מדיום - לארג / ירוק זית,True,68,279.0,ILS,2022-11-27,13:45:42,"['60', 'everything', 'helmet covers', 'OPS-CORE HELMET COVERS']"
https://agilite.co.il/products/ops-core-maritime-fastsf-helmet-cover-gen4,ops-core-maritime-fastsf-helmet-cover-gen4,Ops-Core® Maritime/FAST SF Super High Cut Gen4 - +כיסוי קסדה חיתוך גבוה,8018939773213,True,279.0,279.0,2022-11-27 13:45:42+02:00,"60, everything, helmet covers, OPS-CORE HELMET COVERS",'אקסטרה לארג' - לארג / הסוואה,True,133,279.0,ILS,2022-11-27,13:45:42,"['60', 'everything', 'helmet covers', 'OPS-CORE HELMET COVERS']"
https://agilite.co.il/products/ops-core-maritime-fastsf-helmet-cover-gen4,ops-core-maritime-fastsf-helmet-cover-gen4,Ops-Core® Maritime/FAST SF Super High Cut Gen4 - +כיסוי קסדה חיתוך גבוה,8018939773213,True,279.0,279.0,2022-11-27 13:45:42+02:00,"60, everything, helmet covers, OPS-CORE HELMET COVERS",'אקסטרה לארג' - לארג / ירוק זית,True,216,279.0,ILS,2022-11-27,13:45:42,"['60', 'everything', 'helmet covers', 'OPS-CORE HELMET COVERS']"
https://agilite.co.il/products/ops-core-sentry-xp-mid-cut-helmet-cover-gen4,ops-core-sentry-xp-mid-cut-helmet-cover-gen4,Ops-Core® Sentry Mid Cut Gen4 - כיסוי קסדה חיתוך בינוני,8018941182237,True,279.0,279.0,2022-11-27 13:48:33+02:00,"60, everything, helmet covers, OPS-CORE HELMET COVERS",מדיום - סמול / הסוואה,True,1,279.0,ILS,2022-11-27,13:48:33,"['60', 'everything', 'helmet covers', 'OPS-CORE HELMET COVERS']"
https://agilite.co.il/products/ops-core-sentry-xp-mid-cut-helmet-cover-gen4,ops-core-sentry-xp-mid-cut-helmet-cover-gen4,Ops-Core® Sentry Mid Cut Gen4 - כיסוי קסדה חיתוך בינוני,8018941182237,True,279.0,279.0,2022-11-27 13:48:33+02:00,"60, everything, helmet covers, OPS-CORE HELMET COVERS",מדיום - סמול / ירוק זית,True,429,279.0,ILS,2022-11-27,13:48:33,"['60', 'everything', 'helmet covers', 'OPS-CORE HELMET COVERS']"
https://agilite.co.il/products/ops-core-sentry-xp-mid-cut-helmet-cover-gen4,ops-core-sentry-xp-mid-cut-helmet-cover-gen4,Ops-Core® Sentry Mid Cut Gen4 - כיסוי קסדה חיתוך בינוני,8018941182237,True,279.0,279.0,2022-11-27 13:48:33+02:00,"60, everything, helmet covers, OPS-CORE HELMET COVERS",'מדיום - לארג / הסוואה,True,28,279.0,ILS,2022-11-27,13:48:33,"['60', 'everything', 'helmet covers', 'OPS-CORE HELMET COVERS']"
https://agilite.co.il/products/ops-core-sentry-xp-mid-cut-helmet-cover-gen4,ops-core-sentry-xp-mid-cut-helmet-cover-gen4,Ops-Core® Sentry Mid Cut Gen4 - כיסוי קסדה חיתוך בינוני,8018941182237,True,279.0,279.0,2022-11-27 13:48:33+02:00,"60, everything, helmet covers, OPS-CORE HELMET COVERS",'מדיום - לארג / ירוק זית,True,481,279.0,ILS,2022-11-27,13:48:33,"['60', 'everything', 'helmet covers', 'OPS-CORE HELMET COVERS']"
https://agilite.co.il/products/ops-core-sentry-xp-mid-cut-helmet-cover-gen4,ops-core-sentry-xp-mid-cut-helmet-cover-gen4,Ops-Core® Sentry Mid Cut Gen4 - כיסוי קסדה חיתוך בינוני,8018941182237,True,279.0,279.0,2022-11-27 13:48:33+02:00,"60, everything, helmet covers, OPS-CORE HELMET COVERS",'לארג' - אקסטרה לארג / הסוואה,True,130,279.0,ILS,2022-11-27,13:48:33,"['60', 'everything', 'helmet covers', 'OPS-CORE HELMET COVERS']"
https://agilite.co.il/products/ops-core-sentry-xp-mid-cut-helmet-cover-gen4,ops-core-sentry-xp-mid-cut-helmet-cover-gen4,Ops-Core® Sentry Mid Cut Gen4 - כיסוי קסדה חיתוך בינוני,8018941182237,True,279.0,279.0,2022-11-27 13:48:33+02:00,"60, everything, helmet covers, OPS-CORE HELMET COVERS",'לארג' - אקסטרה לארג / ירוק זית,True,152,279.0,ILS,2022-11-27,13:48:33,"['60', 'everything', 'helmet covers', 'OPS-CORE HELMET COVERS']"
https://agilite.co.il/products/pincer-placard-loadout,pincer-placard-loadout,חבילת פונדת מחסניות ™Pincer מזוודת,9842351505693,True,806.8,806.8,2025-05-12 14:51:47+03:00,SaleIL,ירוק ריינג'ר / ירוק ריינג'ר / ירוק ריינג'ר,True,33,806.8,ILS,2025-05-12,14:51:47,['SaleIL']
https://agilite.co.il/products/pincer-placard-loadout,pincer-placard-loadout,חבילת פונדת מחסניות ™Pincer מזוודת,9842351505693,True,806.8,806.8,2025-05-12 14:51:47+03:00,SaleIL,ירוק ריינג'ר / ירוק ריינג'ר / שחור,True,33,806.8,ILS,2025-05-12,14:51:47,['SaleIL']
https://agilite.co.il/products/pincer-placard-loadout,pincer-placard-loadout,חבילת פונדת מחסניות ™Pincer מזוודת,9842351505693,True,806.8,806.8,2025-05-12 14:51:47+03:00,SaleIL,ירוק ריינג'ר / שחור / ירוק ריינג'ר,True,3,806.8,ILS,2025-05-12,14:51:47,['SaleIL']
https://agilite.co.il/products/pincer-placard-loadout,pincer-placard-loadout,חבילת פונדת מחסניות ™Pincer מזוודת,9842351505693,True,806.8,806.8,2025-05-12 14:51:47+03:00,SaleIL,ירוק ריינג'ר / שחור / שחור,True,3,806.8,ILS,2025-05-12,14:51:47,['SaleIL']
https://agilite.co.il/products/pincer-placard-loadout,pincer-placard-loadout,חבילת פונדת מחסניות ™Pincer מזוודת,9842351505693,True,806.8,806.8,2025-05-12 14:51:47+03:00,SaleIL,שחור / ירוק ריינג'ר / ירוק ריינג'ר,True,53,806.8,ILS,2025-05-12,14:51:47,['SaleIL']
https://agilite.co.il/products/pincer-placard-loadout,pincer-placard-loadout,חבילת פונדת מחסניות ™Pincer מזוודת,9842351505693,True,806.8,806.8,2025-05-12 14:51:47+03:00,SaleIL,שחור / ירוק ריינג'ר / שחור,True,53,806.8,ILS,2025-05-12,14:51:47,['SaleIL']
https://agilite.co.il/products/pincer-placard-loadout,pincer-placard-loadout,חבילת פונדת מחסניות ™Pincer מזוודת,9842351505693,True,806.8,806.8,2025-05-12 14:51:47+03:00,SaleIL,שחור / שחור / ירוק ריינג'ר,True,3,806.8,ILS,2025-05-12,14:51:47,['SaleIL']
https://agilite.co.il/products/pincer-placard-loadout,pincer-placard-loadout,חבילת פונדת מחסניות ™Pincer מזוודת,9842351505693,True,806.8,806.8,2025-05-12 14:51:47+03:00,SaleIL,שחור / שחור / שחור,True,3,806.8,ILS,2025-05-12,14:51:47,['SaleIL']
https://agilite.co.il/products/pincer-pistol-double-pouch,pincer-pistol-double-pouch,Pincer™ -  פונדת מחסנית כפולה לאקדח,8388329505053,True,209.0,209.0,2023-06-21 09:26:45+03:00,SaleIL,ירוק ריינג'ר,True,59,209.0,ILS,2023-06-21,09:26:45,['SaleIL']
https://agilite.co.il/products/pincer-pistol-double-pouch,pincer-pistol-double-pouch,Pincer™ -  פונדת מחסנית כפולה לאקדח,8388329505053,True,209.0,209.0,2023-06-21 09:26:45+03:00,SaleIL,מולטיקם,False,0,209.0,ILS,2023-06-21,09:26:45,['SaleIL']
https://agilite.co.il/products/pincer-pistol-double-pouch,pincer-pistol-double-pouch,Pincer™ -  פונדת מחסנית כפולה לאקדח,8388329505053,True,209.0,209.0,2023-06-21 09:26:45+03:00,SaleIL,שחור,True,61,209.0,ILS,2023-06-21,09:26:45,['SaleIL']
https://agilite.co.il/products/pincer-pistol-single-pouch,pincer-pistol-single-pouch,Pincer™ -  פונדת מחסנית אקדח,8091315994909,True,139.9,139.9,2023-01-17 15:54:19+02:00,SaleIL,ירוק ריינג'ר,True,66,139.9,ILS,2023-01-17,15:54:19,['SaleIL']
https://agilite.co.il/products/pincer-pistol-single-pouch,pincer-pistol-single-pouch,Pincer™ -  פונדת מחסנית אקדח,8091315994909,True,139.9,139.9,2023-01-17 15:54:19+02:00,SaleIL,מולטיקם,False,0,139.9,ILS,2023-01-17,15:54:19,['SaleIL']
https://agilite.co.il/products/pincer-pistol-single-pouch,pincer-pistol-single-pouch,Pincer™ -  פונדת מחסנית אקדח,8091315994909,True,139.9,139.9,2023-01-17 15:54:19+02:00,SaleIL,שחור,True,110,139.9,ILS,2023-01-17,15:54:19,['SaleIL']
https://agilite.co.il/products/pincer-2nd-layer-admin-pouch,pincer-2nd-layer-admin-pouch,  פאוץ' קדמי לפונדת סקוטש קשיחה,8091315896605,True,254.9,229.0,2023-01-17 15:54:06+02:00,SaleIL,ירוק ריינג'ר,True,53,229.0,ILS,2023-01-17,15:54:06,['SaleIL']
https://agilite.co.il/products/pincer-2nd-layer-admin-pouch,pincer-2nd-layer-admin-pouch,  פאוץ' קדמי לפונדת סקוטש קשיחה,8091315896605,True,254.9,229.0,2023-01-17 15:54:06+02:00,SaleIL,מולטיקם,False,0,254.9,ILS,2023-01-17,15:54:06,['SaleIL']
https://agilite.co.il/products/pincer-2nd-layer-admin-pouch,pincer-2nd-layer-admin-pouch,  פאוץ' קדמי לפונדת סקוטש קשיחה,8091315896605,True,254.9,229.0,2023-01-17 15:54:06+02:00,SaleIL,שחור,True,3,229.0,ILS,2023-01-17,15:54:06,['SaleIL']
https://agilite.co.il/products/pincer-placard-2nd-layer-molle,pincer-placard-2nd-layer-molle,Pincer™ Placard - שכבה שנייה של MOLLE ,9469412180253,True,173.66,151.9,2024-07-24 13:11:05+03:00,"Low on stock, SaleIL",ירוק ריינג'ר,True,228,151.9,ILS,2024-07-24,13:11:05,"['Low on stock', 'SaleIL']"
https://agilite.co.il/products/pincer-placard-2nd-layer-molle,pincer-placard-2nd-layer-molle,Pincer™ Placard - שכבה שנייה של MOLLE ,9469412180253,True,173.66,151.9,2024-07-24 13:11:05+03:00,"Low on stock, SaleIL",שחור,True,5,151.9,ILS,2024-07-24,13:11:05,"['Low on stock', 'SaleIL']"
https://agilite.co.il/products/pincer-placard-2nd-layer-molle,pincer-placard-2nd-layer-molle,Pincer™ Placard - שכבה שנייה של MOLLE ,9469412180253,True,173.66,151.9,2024-07-24 13:11:05+03:00,"Low on stock, SaleIL",מולטיקם,False,0,173.66,ILS,2024-07-24,13:11:05,"['Low on stock', 'SaleIL']"
