Product_Variant_ID,Product_ID,Variant_Title,Total_Sales,Total_Added,Variant_Price,Product_Handle,Product_Title_HE,Variant_Qty,Revenue,Inventory_Value,Refund_Liability
8018935054621_חום,8018935054621,חום,0.0,0.0,239.0,ag3-placard-triple-mag-pouch,AG3™ - 5.56 פונדת מחסניות סקוטש,0,0.0,0.0,0.0
8018935054621_ירוק ריינג'ר,8018935054621,ירוק ריינג'ר,0.0,0.0,259.0,ag3-placard-triple-mag-pouch,AG3™ - 5.56 פונדת מחסניות סקוטש,110,0.0,28490.0,0.0
8018935054621_מולטיקם,8018935054621,מולטיקם,0.0,0.0,259.0,ag3-placard-triple-mag-pouch,AG3™ - 5.56 פונדת מחסניות סקוטש,0,0.0,0.0,0.0
8018935054621_מולטיקם שחור,8018935054621,מולטיקם שחור,0.0,0.0,259.0,ag3-placard-triple-mag-pouch,AG3™ - 5.56 פונדת מחסניות סקוטש,0,0.0,0.0,0.0
8018935054621_שחור,8018935054621,שחור,0.0,0.0,259.0,ag3-placard-triple-mag-pouch,AG3™ - 5.56 פונדת מחסניות סקוטש,308,0.0,79772.0,0.0
8018935152925_חום,8018935152925,חום,0.0,0.0,464.0,buddystrap-injured-person-carrier,BuddyStrap™ - מערכת נשיאת פצוע,0,0.0,0.0,0.0
8018935152925_ירוק ריינג'ר,8018935152925,ירוק ריינג'ר,1.0,0.0,464.0,buddystrap-injured-person-carrier,BuddyStrap™ - מערכת נשיאת פצוע,32,464.0,14848.0,0.0
8018935152925_שחור,8018935152925,שחור,0.0,0.0,464.0,buddystrap-injured-person-carrier,BuddyStrap™ - מערכת נשיאת פצוע,37,0.0,17168.0,0.0
8018935283997_ירוק ריינג'ר,8018935283997,ירוק ריינג'ר,4.0,2.0,153.0,pincer-single-556-mag-pouch,Pincer™‎‎‎‎‎‎‎‎‎ - פונדה קשיחה למחסנית ,-1,612.0,0.0,-153.0
8018935283997_מולטיקם,8018935283997,מולטיקם,0.0,0.0,153.0,pincer-single-556-mag-pouch,Pincer™‎‎‎‎‎‎‎‎‎ - פונדה קשיחה למחסנית ,0,0.0,0.0,0.0
8018935283997_שחור,8018935283997,שחור,2.0,0.0,153.0,pincer-single-556-mag-pouch,Pincer™‎‎‎‎‎‎‎‎‎ - פונדה קשיחה למחסנית ,55,306.0,8415.0,0.0
8018935382301_חום,8018935382301,חום,0.0,0.0,0.0,fanny-pack-conversion-strap,Six Pack™ - 'רצועת המרה לפאוץ,0,0.0,0.0,0.0
8018935382301_ירוק זית,8018935382301,ירוק זית,0.0,0.0,0.0,fanny-pack-conversion-strap,Six Pack™ - 'רצועת המרה לפאוץ,0,0.0,0.0,0.0
8018935382301_שחור,8018935382301,שחור,0.0,0.0,0.0,fanny-pack-conversion-strap,Six Pack™ - 'רצועת המרה לפאוץ,0,0.0,0.0,0.0
8018935546141_חום,8018935546141,חום,0.0,0.0,279.0,six-pack-hanger-pouch,Six Pack™ - פאוץ' קנגרו,0,0.0,0.0,0.0
8018935546141_ירוק ריינג'ר,8018935546141,ירוק ריינג'ר,1.0,0.0,277.0,six-pack-hanger-pouch,Six Pack™ - פאוץ' קנגרו,197,277.0,54569.0,0.0
8018935546141_מולטיקם,8018935546141,מולטיקם,0.0,0.0,298.0,six-pack-hanger-pouch,Six Pack™ - פאוץ' קנגרו,0,0.0,0.0,0.0
8018935546141_שחור,8018935546141,שחור,0.0,0.0,279.0,six-pack-hanger-pouch,Six Pack™ - פאוץ' קנגרו,0,0.0,0.0,0.0
8018935546141_שחור מולטיקם,8018935546141,שחור מולטיקם,0.0,0.0,298.0,six-pack-hanger-pouch,Six Pack™ - פאוץ' קנגרו,0,0.0,0.0,0.0
8018935709981_אפור,8018935709981,אפור,0.0,0.0,259.9,laptop-carrier,תיק לפטופ טקטי,0,0.0,0.0,0.0
8018935709981_ירוק ריינג'ר,8018935709981,ירוק ריינג'ר,0.0,0.0,259.9,laptop-carrier,תיק לפטופ טקטי,0,0.0,0.0,0.0
8018935709981_שחור,8018935709981,שחור,0.0,0.0,259.9,laptop-carrier,תיק לפטופ טקטי,-1,0.0,0.0,-259.9
8018935939357_ירוק ריינג'ר,8018935939357,ירוק ריינג'ר,0.0,0.0,79.0,jump-retention-tabs,לשוניות אחזקה למחסנית,85,0.0,6715.0,0.0
8018935939357_מדברי,8018935939357,מדברי,0.0,0.0,79.0,jump-retention-tabs,לשוניות אחזקה למחסנית,3,0.0,237.0,0.0
8018935939357_שחור,8018935939357,שחור,0.0,0.0,79.0,jump-retention-tabs,לשוניות אחזקה למחסנית,19,0.0,1501.0,0.0
8018936070429_ירוק ריינג'ר,8018936070429,ירוק ריינג'ר,0.0,0.0,298.0,pincer™-5-56-פונדת-מחסניות-סקוטש-קשיחה,Pincer™ פונדת מחסניות מולטי קליבר סקוטש קשיחה ,167,0.0,49766.0,0.0
8018936070429_מולטיקם,8018936070429,מולטיקם,0.0,0.0,298.0,pincer™-5-56-פונדת-מחסניות-סקוטש-קשיחה,Pincer™ פונדת מחסניות מולטי קליבר סקוטש קשיחה ,0,0.0,0.0,0.0
8018936070429_שחור,8018936070429,שחור,0.0,0.0,298.0,pincer™-5-56-פונדת-מחסניות-סקוטש-קשיחה,Pincer™ פונדת מחסניות מולטי קליבר סקוטש קשיחה ,83,0.0,24734.0,0.0
8018936529181_ירוק ריינג'ר,8018936529181,ירוק ריינג'ר,1.0,0.0,106.0,ag1-5-56-single-mag-pouch,AG1™ - פונדת מחסנית מודולרית,62,106.0,6572.0,0.0
8018936529181_מולטיקם,8018936529181,מולטיקם,0.0,0.0,106.0,ag1-5-56-single-mag-pouch,AG1™ - פונדת מחסנית מודולרית,0,0.0,0.0,0.0
8018936529181_מולטיקם שחור,8018936529181,מולטיקם שחור,0.0,0.0,119.0,ag1-5-56-single-mag-pouch,AG1™ - פונדת מחסנית מודולרית,-1,0.0,0.0,-119.0
8018936529181_שחור,8018936529181,שחור,0.0,0.0,106.0,ag1-5-56-single-mag-pouch,AG1™ - פונדת מחסנית מודולרית,126,0.0,13356.0,0.0
8018936594717_ירוק ריינג'ר,8018936594717,ירוק ריינג'ר,0.0,0.0,229.0,ag3-5-56-triple-mag-pouch,AG3™ - 5.56 פונדת מחסניות מודולרית,462,0.0,105798.0,0.0
8018936594717_מולטיקם,8018936594717,מולטיקם,0.0,0.0,234.0,ag3-5-56-triple-mag-pouch,AG3™ - 5.56 פונדת מחסניות מודולרית,0,0.0,0.0,0.0
8018936594717_מולטיקם שחור,8018936594717,מולטיקם שחור,0.0,0.0,234.0,ag3-5-56-triple-mag-pouch,AG3™ - 5.56 פונדת מחסניות מודולרית,0,0.0,0.0,0.0
8018936594717_שחור,8018936594717,שחור,0.0,0.0,229.0,ag3-5-56-triple-mag-pouch,AG3™ - 5.56 פונדת מחסניות מודולרית,42,0.0,9618.0,0.0
8018937479453_ירוק ריינג'ר,8018937479453,ירוק ריינג'ר,0.0,0.0,159.9,hook-backed-edc-organizer-panel,פאנל ארגון טקטי ,127,0.0,20307.3,0.0
8018937479453_מולטיקם,8018937479453,מולטיקם,0.0,0.0,159.9,hook-backed-edc-organizer-panel,פאנל ארגון טקטי ,0,0.0,0.0,0.0
8018937479453_שחור,8018937479453,שחור,0.0,0.0,159.9,hook-backed-edc-organizer-panel,פאנל ארגון טקטי ,0,0.0,0.0,0.0
8018937512221_ירוק ריינג'ר,8018937512221,ירוק ריינג'ר,0.0,0.0,159.9,padded-laptop-sleeve,'שרוול לפטופ מרופד 14.5 אינץ,26,0.0,4157.400000000001,0.0
8018937512221_מולטיקם,8018937512221,מולטיקם,0.0,0.0,159.9,padded-laptop-sleeve,'שרוול לפטופ מרופד 14.5 אינץ,0,0.0,0.0,0.0
8018937512221_שחור,8018937512221,שחור,0.0,0.0,159.9,padded-laptop-sleeve,'שרוול לפטופ מרופד 14.5 אינץ,0,0.0,0.0,0.0
8018937577757_ירוק ריינג'ר,8018937577757,ירוק ריינג'ר,0.0,0.0,119.9,14-5-padded-laptop-sleeve-up,'שרוול לפטופ מרופד 14.5 אינץ ,26,0.0,3117.4,0.0
8018937577757_מולטיקם,8018937577757,מולטיקם,0.0,0.0,119.9,14-5-padded-laptop-sleeve-up,'שרוול לפטופ מרופד 14.5 אינץ ,0,0.0,0.0,0.0
8018937577757_שחור,8018937577757,שחור,0.0,0.0,119.9,14-5-padded-laptop-sleeve-up,'שרוול לפטופ מרופד 14.5 אינץ ,0,0.0,0.0,0.0
8018937610525_Black,8018937610525,Black,0.0,0.0,139.9,hook-backed-edc-organizer-panel-up,פאנל ארגון טקטי ,0,0.0,0.0,0.0
8018937610525_Multicam,8018937610525,Multicam,0.0,0.0,139.9,hook-backed-edc-organizer-panel-up,פאנל ארגון טקטי ,0,0.0,0.0,0.0
8018937610525_Ranger Green,8018937610525,Ranger Green,0.0,0.0,139.9,hook-backed-edc-organizer-panel-up,פאנל ארגון טקטי ,127,0.0,17767.3,0.0
8018937872669_חום,8018937872669,חום,0.0,0.0,149.0,sf-balaclava-black,מסכת פנים,0,0.0,0.0,0.0
8018937872669_ירוק ריינג'ר,8018937872669,ירוק ריינג'ר,0.0,0.0,149.0,sf-balaclava-black,מסכת פנים,110,0.0,16390.0,0.0
8018937872669_שחור,8018937872669,שחור,0.0,0.0,149.0,sf-balaclava-black,מסכת פנים,491,0.0,73159.0,0.0
8018937970973_Default Title,8018937970973,Default Title,0.0,0.0,209.0,mitznefet-multicam,מצנפת אג'ילייט מנומרת,244,0.0,50996.0,0.0
8018938298653_Black,8018938298653,Black,0.0,0.0,23.9,agilite-logo-patches,פאצ'ים לוגו אג'ילייט,0,0.0,0.0,0.0
8018938298653_Coyote Tan,8018938298653,Coyote Tan,0.0,0.0,23.9,agilite-logo-patches,פאצ'ים לוגו אג'ילייט,-2,0.0,0.0,-47.8
8018938298653_Ranger Green,8018938298653,Ranger Green,0.0,0.0,23.9,agilite-logo-patches,פאצ'ים לוגו אג'ילייט,-2,0.0,0.0,-47.8
8018938626333_Default Title,8018938626333,Default Title,0.0,0.0,23.9,israeli-flag-patch-od-green,פאץ' דגל ישראל,250,0.0,5975.0,0.0
8018938855709_חום,8018938855709,חום,0.0,0.0,51.9,k-series-hydration-attach-straps,רצועות חיבור מודולריות לשלוקר,0,0.0,0.0,0.0
8018938855709_ירוק זית,8018938855709,ירוק זית,0.0,0.0,51.9,k-series-hydration-attach-straps,רצועות חיבור מודולריות לשלוקר,0,0.0,0.0,0.0
8018938855709_שחור,8018938855709,שחור,0.0,0.0,51.9,k-series-hydration-attach-straps,רצועות חיבור מודולריות לשלוקר,0,0.0,0.0,0.0
8018939773213_'אקסטרה לארג' - לארג / הסוואה,8018939773213,'אקסטרה לארג' - לארג / הסוואה,0.0,0.0,279.0,ops-core-maritime-fastsf-helmet-cover-gen4,Ops-Core® Maritime/FAST SF Super High Cut Gen4 - +כיסוי קסדה חיתוך גבוה,133,0.0,37107.0,0.0
8018939773213_'אקסטרה לארג' - לארג / ירוק זית,8018939773213,'אקסטרה לארג' - לארג / ירוק זית,0.0,0.0,279.0,ops-core-maritime-fastsf-helmet-cover-gen4,Ops-Core® Maritime/FAST SF Super High Cut Gen4 - +כיסוי קסדה חיתוך גבוה,216,0.0,60264.0,0.0
8018939773213_'מדיום - לארג / הסוואה,8018939773213,'מדיום - לארג / הסוואה,0.0,0.0,279.0,ops-core-maritime-fastsf-helmet-cover-gen4,Ops-Core® Maritime/FAST SF Super High Cut Gen4 - +כיסוי קסדה חיתוך גבוה,117,0.0,32643.0,0.0
8018939773213_'מדיום - לארג / ירוק זית,8018939773213,'מדיום - לארג / ירוק זית,0.0,0.0,279.0,ops-core-maritime-fastsf-helmet-cover-gen4,Ops-Core® Maritime/FAST SF Super High Cut Gen4 - +כיסוי קסדה חיתוך גבוה,68,0.0,18972.0,0.0
8018939773213_מדיום - סמול / הסוואה,8018939773213,מדיום - סמול / הסוואה,0.0,0.0,279.0,ops-core-maritime-fastsf-helmet-cover-gen4,Ops-Core® Maritime/FAST SF Super High Cut Gen4 - +כיסוי קסדה חיתוך גבוה,16,0.0,4464.0,0.0
8018939773213_מדיום - סמול / ירוק זית,8018939773213,מדיום - סמול / ירוק זית,0.0,0.0,279.0,ops-core-maritime-fastsf-helmet-cover-gen4,Ops-Core® Maritime/FAST SF Super High Cut Gen4 - +כיסוי קסדה חיתוך גבוה,103,0.0,28737.0,0.0
8018939838749_ירוק ריינג'ר / L/XL,8018939838749,ירוק ריינג'ר / L/XL,0.0,0.0,279.0,mtek-flux-cover-gen-4,MTEK® FLUX Gen4 - כיסוי קסדה,52,0.0,14508.0,0.0
8018939838749_ירוק ריינג'ר / M/L,8018939838749,ירוק ריינג'ר / M/L,0.0,0.0,279.0,mtek-flux-cover-gen-4,MTEK® FLUX Gen4 - כיסוי קסדה,52,0.0,14508.0,0.0
8018939838749_מולטיקם / L/XL,8018939838749,מולטיקם / L/XL,0.0,0.0,279.0,mtek-flux-cover-gen-4,MTEK® FLUX Gen4 - כיסוי קסדה,0,0.0,0.0,0.0
8018939838749_מולטיקם / M/L,8018939838749,מולטיקם / M/L,0.0,0.0,279.0,mtek-flux-cover-gen-4,MTEK® FLUX Gen4 - כיסוי קסדה,0,0.0,0.0,0.0
8018939838749_שחור / L/XL,8018939838749,שחור / L/XL,0.0,0.0,279.0,mtek-flux-cover-gen-4,MTEK® FLUX Gen4 - כיסוי קסדה,0,0.0,0.0,0.0
8018939838749_שחור / M/L,8018939838749,שחור / M/L,0.0,0.0,279.0,mtek-flux-cover-gen-4,MTEK® FLUX Gen4 - כיסוי קסדה,0,0.0,0.0,0.0
8018939904285_חום קויטי,8018939904285,חום קויטי,0.0,0.0,276.9,bridge-tactical-helmet-accessory-platform,מערכת גשר טקטית לקסדה,0,0.0,0.0,0.0
8018939904285_ירוק ריינג'ר,8018939904285,ירוק ריינג'ר,0.0,0.0,276.9,bridge-tactical-helmet-accessory-platform,מערכת גשר טקטית לקסדה,106,0.0,29351.399999999998,0.0
8018939904285_שחור,8018939904285,שחור,0.0,0.0,276.9,bridge-tactical-helmet-accessory-platform,מערכת גשר טקטית לקסדה,39,0.0,10799.099999999999,0.0
8018939937053_הפוך,8018939937053,הפוך,0.0,0.0,57.9,ir-us-flag-patch,IR פאץ' דגל אמריקאי ,0,0.0,0.0,0.0
8018939937053_רגיל,8018939937053,רגיל,0.0,0.0,57.9,ir-us-flag-patch,IR פאץ' דגל אמריקאי ,0,0.0,0.0,0.0
8018940035357_M/L / הסוואה,8018940035357,M/L / הסוואה,0.0,0.0,279.0,team-wendy-exfil-ballistic-cover,Team Wendy® EXFIL Ballistic/SL - כיסוי קסדה,0,0.0,0.0,0.0
8018940035357_M/L / ירוק זית,8018940035357,M/L / ירוק זית,0.0,0.0,279.0,team-wendy-exfil-ballistic-cover,Team Wendy® EXFIL Ballistic/SL - כיסוי קסדה,26,0.0,7254.0,0.0
8018940035357_M/L / שחור,8018940035357,M/L / שחור,0.0,0.0,279.0,team-wendy-exfil-ballistic-cover,Team Wendy® EXFIL Ballistic/SL - כיסוי קסדה,200,0.0,55800.0,0.0
8018940035357_XL / הסוואה,8018940035357,XL / הסוואה,0.0,0.0,279.0,team-wendy-exfil-ballistic-cover,Team Wendy® EXFIL Ballistic/SL - כיסוי קסדה,0,0.0,0.0,0.0
8018940035357_XL / ירוק זית,8018940035357,XL / ירוק זית,0.0,0.0,279.0,team-wendy-exfil-ballistic-cover,Team Wendy® EXFIL Ballistic/SL - כיסוי קסדה,10,0.0,2790.0,0.0
8018940035357_XL / שחור,8018940035357,XL / שחור,0.0,0.0,279.0,team-wendy-exfil-ballistic-cover,Team Wendy® EXFIL Ballistic/SL - כיסוי קסדה,47,0.0,13113.0,0.0
8018940133661_Size 1 (M/L) / ירוק ריינג'ר,8018940133661,Size 1 (M/L) / ירוק ריינג'ר,0.0,0.0,279.0,team-wendy-exfil-carbon-helmet-cover,Team Wendy® EXFIL Bump LTP/Carbon - כיסוי קסדה ,47,0.0,13113.0,0.0
8018940133661_Size 1 (M/L) / מולטיקם,8018940133661,Size 1 (M/L) / מולטיקם,0.0,0.0,279.0,team-wendy-exfil-carbon-helmet-cover,Team Wendy® EXFIL Bump LTP/Carbon - כיסוי קסדה ,0,0.0,0.0,0.0
8018940133661_Size 1 (M/L) / שחור,8018940133661,Size 1 (M/L) / שחור,0.0,0.0,279.0,team-wendy-exfil-carbon-helmet-cover,Team Wendy® EXFIL Bump LTP/Carbon - כיסוי קסדה ,0,0.0,0.0,0.0
8018940133661_Size 2 (L/XL) / ירוק ריינג'ר,8018940133661,Size 2 (L/XL) / ירוק ריינג'ר,0.0,0.0,279.0,team-wendy-exfil-carbon-helmet-cover,Team Wendy® EXFIL Bump LTP/Carbon - כיסוי קסדה ,0,0.0,0.0,0.0
8018940133661_Size 2 (L/XL) / מולטיקם,8018940133661,Size 2 (L/XL) / מולטיקם,0.0,0.0,279.0,team-wendy-exfil-carbon-helmet-cover,Team Wendy® EXFIL Bump LTP/Carbon - כיסוי קסדה ,0,0.0,0.0,0.0
8018940133661_Size 2 (L/XL) / שחור,8018940133661,Size 2 (L/XL) / שחור,0.0,0.0,279.0,team-wendy-exfil-carbon-helmet-cover,Team Wendy® EXFIL Bump LTP/Carbon - כיסוי קסדה ,-8,0.0,0.0,-2232.0
8018940461341_מדיום / מולטיקם,8018940461341,מדיום / מולטיקם,0.0,0.0,279.0,safariland-delta-x-helmet-cover-mohawk-air,Safariland® Delta X™ Mohawk AIR - כיסוי קסדה מוהוק,0,0.0,0.0,0.0
8018940559645_חום,8018940559645,חום,0.0,0.0,63.0,rear-pouch,פאוץ' אחורי לכיסוי קסדה,0,0.0,0.0,0.0
8018940559645_ירוק זית,8018940559645,ירוק זית,3.0,0.0,63.0,rear-pouch,פאוץ' אחורי לכיסוי קסדה,54,189.0,3402.0,0.0
8018940559645_שחור,8018940559645,שחור,0.0,0.0,63.0,rear-pouch,פאוץ' אחורי לכיסוי קסדה,81,0.0,5103.0,0.0
8018940756253_L / הסוואה,8018940756253,L / הסוואה,1.0,0.0,169.0,mechanix-m-pact-agilite-edition,Mechanix M-PACT® Agilite Edition - כפפות טקטיות,283,169.0,47827.0,0.0
8018940756253_L / שחור,8018940756253,L / שחור,0.0,0.0,169.0,mechanix-m-pact-agilite-edition,Mechanix M-PACT® Agilite Edition - כפפות טקטיות,46,0.0,7774.0,0.0
8018940756253_M / הסוואה,8018940756253,M / הסוואה,0.0,0.0,169.0,mechanix-m-pact-agilite-edition,Mechanix M-PACT® Agilite Edition - כפפות טקטיות,7,0.0,1183.0,0.0
8018940756253_M / שחור,8018940756253,M / שחור,0.0,0.0,169.0,mechanix-m-pact-agilite-edition,Mechanix M-PACT® Agilite Edition - כפפות טקטיות,6,0.0,1014.0,0.0
8018940756253_S / הסוואה,8018940756253,S / הסוואה,0.0,0.0,169.0,mechanix-m-pact-agilite-edition,Mechanix M-PACT® Agilite Edition - כפפות טקטיות,124,0.0,20956.0,0.0
8018940756253_S / שחור,8018940756253,S / שחור,0.0,0.0,169.0,mechanix-m-pact-agilite-edition,Mechanix M-PACT® Agilite Edition - כפפות טקטיות,116,0.0,19604.0,0.0
8018940756253_XL / הסוואה,8018940756253,XL / הסוואה,1.0,0.0,169.0,mechanix-m-pact-agilite-edition,Mechanix M-PACT® Agilite Edition - כפפות טקטיות,202,169.0,34138.0,0.0
8018940756253_XL / שחור,8018940756253,XL / שחור,0.0,0.0,169.0,mechanix-m-pact-agilite-edition,Mechanix M-PACT® Agilite Edition - כפפות טקטיות,232,0.0,39208.0,0.0
8018940756253_XS / הסוואה,8018940756253,XS / הסוואה,0.0,0.0,169.0,mechanix-m-pact-agilite-edition,Mechanix M-PACT® Agilite Edition - כפפות טקטיות,50,0.0,8450.0,0.0
8018940756253_XS / שחור,8018940756253,XS / שחור,0.0,0.0,169.0,mechanix-m-pact-agilite-edition,Mechanix M-PACT® Agilite Edition - כפפות טקטיות,38,0.0,6422.0,0.0
8018940756253_XXL / הסוואה,8018940756253,XXL / הסוואה,0.0,0.0,169.0,mechanix-m-pact-agilite-edition,Mechanix M-PACT® Agilite Edition - כפפות טקטיות,22,0.0,3718.0,0.0
8018940756253_XXL / שחור,8018940756253,XXL / שחור,0.0,0.0,169.0,mechanix-m-pact-agilite-edition,Mechanix M-PACT® Agilite Edition - כפפות טקטיות,8,0.0,1352.0,0.0
8018940920093_'אקסטרה לארג' - לארג / הסוואה,8018940920093,'אקסטרה לארג' - לארג / הסוואה,0.0,0.0,279.0,ops-core-fast-st-xp-helmet-cover-gen4,Ops-Core® FAST ST/XP High Cut Gen4 - כיסוי קסדה חיתוך גבוה,130,0.0,36270.0,0.0
8018940920093_'אקסטרה לארג' - לארג / ירוק זית,8018940920093,'אקסטרה לארג' - לארג / ירוק זית,0.0,0.0,279.0,ops-core-fast-st-xp-helmet-cover-gen4,Ops-Core® FAST ST/XP High Cut Gen4 - כיסוי קסדה חיתוך גבוה,152,0.0,42408.0,0.0
8018940920093_'מדיום - לארג / הסוואה,8018940920093,'מדיום - לארג / הסוואה,0.0,0.0,279.0,ops-core-fast-st-xp-helmet-cover-gen4,Ops-Core® FAST ST/XP High Cut Gen4 - כיסוי קסדה חיתוך גבוה,29,0.0,8091.0,0.0
8018940920093_'מדיום - לארג / ירוק זית,8018940920093,'מדיום - לארג / ירוק זית,0.0,0.0,279.0,ops-core-fast-st-xp-helmet-cover-gen4,Ops-Core® FAST ST/XP High Cut Gen4 - כיסוי קסדה חיתוך גבוה,481,0.0,134199.0,0.0
8018940920093_מדיום - סמול / הסוואה,8018940920093,מדיום - סמול / הסוואה,0.0,0.0,279.0,ops-core-fast-st-xp-helmet-cover-gen4,Ops-Core® FAST ST/XP High Cut Gen4 - כיסוי קסדה חיתוך גבוה,1,0.0,279.0,0.0
8018940920093_מדיום - סמול / ירוק זית,8018940920093,מדיום - סמול / ירוק זית,1.0,0.0,279.0,ops-core-fast-st-xp-helmet-cover-gen4,Ops-Core® FAST ST/XP High Cut Gen4 - כיסוי קסדה חיתוך גבוה,429,279.0,119691.0,0.0
8018941182237_'לארג' - אקסטרה לארג / הסוואה,8018941182237,'לארג' - אקסטרה לארג / הסוואה,0.0,0.0,279.0,ops-core-sentry-xp-mid-cut-helmet-cover-gen4,Ops-Core® Sentry Mid Cut Gen4 - כיסוי קסדה חיתוך בינוני,130,0.0,36270.0,0.0
8018941182237_'לארג' - אקסטרה לארג / ירוק זית,8018941182237,'לארג' - אקסטרה לארג / ירוק זית,0.0,0.0,279.0,ops-core-sentry-xp-mid-cut-helmet-cover-gen4,Ops-Core® Sentry Mid Cut Gen4 - כיסוי קסדה חיתוך בינוני,152,0.0,42408.0,0.0
8018941182237_'מדיום - לארג / הסוואה,8018941182237,'מדיום - לארג / הסוואה,0.0,0.0,279.0,ops-core-sentry-xp-mid-cut-helmet-cover-gen4,Ops-Core® Sentry Mid Cut Gen4 - כיסוי קסדה חיתוך בינוני,28,0.0,7812.0,0.0
8018941182237_'מדיום - לארג / ירוק זית,8018941182237,'מדיום - לארג / ירוק זית,0.0,0.0,279.0,ops-core-sentry-xp-mid-cut-helmet-cover-gen4,Ops-Core® Sentry Mid Cut Gen4 - כיסוי קסדה חיתוך בינוני,481,0.0,134199.0,0.0
8018941182237_מדיום - סמול / הסוואה,8018941182237,מדיום - סמול / הסוואה,0.0,0.0,279.0,ops-core-sentry-xp-mid-cut-helmet-cover-gen4,Ops-Core® Sentry Mid Cut Gen4 - כיסוי קסדה חיתוך בינוני,1,0.0,279.0,0.0
8018941182237_מדיום - סמול / ירוק זית,8018941182237,מדיום - סמול / ירוק זית,1.0,0.0,279.0,ops-core-sentry-xp-mid-cut-helmet-cover-gen4,Ops-Core® Sentry Mid Cut Gen4 - כיסוי קסדה חיתוך בינוני,429,279.0,119691.0,0.0
8018941280541_'אקסטרה לארג' - לארג / הסוואה,8018941280541,'אקסטרה לארג' - לארג / הסוואה,0.0,0.0,279.0,ops-core-fast-bump-carbon-high-cut-helmet-cover-gen4,Ops-Core® FAST BUMP/Carbon High Cut Gen4 - כיסוי קסדה חיתוך גבוה,28,0.0,7812.0,0.0
8018941280541_'אקסטרה לארג' - לארג / ירוק זית,8018941280541,'אקסטרה לארג' - לארג / ירוק זית,0.0,0.0,279.0,ops-core-fast-bump-carbon-high-cut-helmet-cover-gen4,Ops-Core® FAST BUMP/Carbon High Cut Gen4 - כיסוי קסדה חיתוך גבוה,481,0.0,134199.0,0.0
8018941280541_לארג' - מדיום  / הסוואה,8018941280541,לארג' - מדיום  / הסוואה,0.0,0.0,279.0,ops-core-fast-bump-carbon-high-cut-helmet-cover-gen4,Ops-Core® FAST BUMP/Carbon High Cut Gen4 - כיסוי קסדה חיתוך גבוה,1,0.0,279.0,0.0
8018941280541_לארג' - מדיום  / ירוק זית,8018941280541,לארג' - מדיום  / ירוק זית,1.0,0.0,279.0,ops-core-fast-bump-carbon-high-cut-helmet-cover-gen4,Ops-Core® FAST BUMP/Carbon High Cut Gen4 - כיסוי קסדה חיתוך גבוה,429,279.0,119691.0,0.0
8018941411613_אפור,8018941411613,אפור,0.0,0.0,1189.0,k19-plate-carrier,K-19™ 3.0 קרמון ,0,0.0,0.0,0.0
8018941411613_חום,8018941411613,חום,0.0,0.0,1189.0,k19-plate-carrier,K-19™ 3.0 קרמון ,0,0.0,0.0,0.0
8018941411613_ירוק ריינג'ר,8018941411613,ירוק ריינג'ר,0.0,0.0,1189.0,k19-plate-carrier,K-19™ 3.0 קרמון ,170,0.0,202130.0,0.0
8018941411613_מולטיקם,8018941411613,מולטיקם,0.0,0.0,1229.0,k19-plate-carrier,K-19™ 3.0 קרמון ,0,0.0,0.0,0.0
8018941411613_מולטיקם שחור,8018941411613,מולטיקם שחור,0.0,0.0,1229.0,k19-plate-carrier,K-19™ 3.0 קרמון ,0,0.0,0.0,0.0
8018941411613_שחור,8018941411613,שחור,0.0,0.0,1189.0,k19-plate-carrier,K-19™ 3.0 קרמון ,38,0.0,45182.0,0.0
8018941772061_חום,8018941772061,חום,0.0,0.0,0.0,molle-hydration-attach-straps-edge,MOLLE רצועות חיבור שלוקר,0,0.0,0.0,0.0
8018941772061_ירוק זית,8018941772061,ירוק זית,0.0,0.0,0.0,molle-hydration-attach-straps-edge,MOLLE רצועות חיבור שלוקר,0,0.0,0.0,0.0
8018941772061_מולטיקם,8018941772061,מולטיקם,0.0,0.0,0.0,molle-hydration-attach-straps-edge,MOLLE רצועות חיבור שלוקר,0,0.0,0.0,0.0
8018941772061_שחור,8018941772061,שחור,0.0,0.0,0.0,molle-hydration-attach-straps-edge,MOLLE רצועות חיבור שלוקר,0,0.0,0.0,0.0
8018941935901_Black / DX,8018941935901,Black / DX,0.0,0.0,22.9,replacement-buckle-k19-40mm-shoulder-strap-not-for-sale,Replacement Buckle K19 40mm - Shoulder Strap,0,0.0,0.0,0.0
8018941935901_Black / SX,8018941935901,Black / SX,0.0,0.0,22.9,replacement-buckle-k19-40mm-shoulder-strap-not-for-sale,Replacement Buckle K19 40mm - Shoulder Strap,0,0.0,0.0,0.0
8018941935901_Coyote Tan / DX,8018941935901,Coyote Tan / DX,0.0,0.0,22.9,replacement-buckle-k19-40mm-shoulder-strap-not-for-sale,Replacement Buckle K19 40mm - Shoulder Strap,0,0.0,0.0,0.0
8018941935901_Coyote Tan / SX,8018941935901,Coyote Tan / SX,0.0,0.0,22.9,replacement-buckle-k19-40mm-shoulder-strap-not-for-sale,Replacement Buckle K19 40mm - Shoulder Strap,0,0.0,0.0,0.0
8018942034205_אפור,8018942034205,אפור,0.0,0.0,679.0,amap-iii-assault-pack,AMAP III™ - תיק תקיפה,0,0.0,0.0,0.0
8018942034205_חום,8018942034205,חום,0.0,0.0,679.0,amap-iii-assault-pack,AMAP III™ - תיק תקיפה,0,0.0,0.0,0.0
8018942034205_ירוק ריינג'ר,8018942034205,ירוק ריינג'ר,0.0,0.0,695.0,amap-iii-assault-pack,AMAP III™ - תיק תקיפה,106,0.0,73670.0,0.0
8018942034205_מולטיקם,8018942034205,מולטיקם,0.0,0.0,679.0,amap-iii-assault-pack,AMAP III™ - תיק תקיפה,0,0.0,0.0,0.0
8018942034205_מולטיקם שחור,8018942034205,מולטיקם שחור,0.0,0.0,745.0,amap-iii-assault-pack,AMAP III™ - תיק תקיפה,0,0.0,0.0,0.0
8018942034205_שחור,8018942034205,שחור,0.0,0.0,695.0,amap-iii-assault-pack,AMAP III™ - תיק תקיפה,73,0.0,50735.0,0.0
8031638552861_ירוק ריינג'ר,8031638552861,ירוק ריינג'ר,3.0,0.0,76.0,tourniquet-holder,"טקטי CAT/מנשא ח""ע",182,228.0,13832.0,0.0
8031638552861_מולטיקם,8031638552861,מולטיקם,0.0,0.0,76.0,tourniquet-holder,"טקטי CAT/מנשא ח""ע",0,0.0,0.0,0.0
8031638552861_שחור,8031638552861,שחור,0.0,0.0,76.0,tourniquet-holder,"טקטי CAT/מנשא ח""ע",0,0.0,0.0,0.0
8046642757917_Default Title,8046642757917,Default Title,0.0,0.0,0.0,t-e-testing-team-4-patch2rfwefwefqewrfgruuuj76hg,T&E Testing Team פאץ' ,0,0.0,0.0,0.0
8080332456221_חום / (10x12 or SAPI Medium) - מדיום ,8080332456221,חום / (10x12 or SAPI Medium) - מדיום ,0.0,0.0,1189.0,k-zero-plate-carrier,K-Zero™-  קרמון מיוחדות,0,0.0,0.0,0.0
8080332456221_חום / (SAPI Large)- גדול  ,8080332456221,חום / (SAPI Large)- גדול  ,0.0,0.0,1189.0,k-zero-plate-carrier,K-Zero™-  קרמון מיוחדות,0,0.0,0.0,0.0
8080332456221_ירוק ריינג'ר / (10x12 or SAPI Medium) - מדיום ,8080332456221,ירוק ריינג'ר / (10x12 or SAPI Medium) - מדיום ,2.0,0.0,1189.0,k-zero-plate-carrier,K-Zero™-  קרמון מיוחדות,127,2378.0,151003.0,0.0
8080332456221_ירוק ריינג'ר / (SAPI Large)- גדול  ,8080332456221,ירוק ריינג'ר / (SAPI Large)- גדול  ,0.0,0.0,1189.0,k-zero-plate-carrier,K-Zero™-  קרמון מיוחדות,47,0.0,55883.0,0.0
8080332456221_מולטיקם / (10x12 or SAPI Medium) - מדיום ,8080332456221,מולטיקם / (10x12 or SAPI Medium) - מדיום ,0.0,0.0,1229.0,k-zero-plate-carrier,K-Zero™-  קרמון מיוחדות,0,0.0,0.0,0.0
8080332456221_מולטיקם / (SAPI Large)- גדול  ,8080332456221,מולטיקם / (SAPI Large)- גדול  ,0.0,0.0,1229.0,k-zero-plate-carrier,K-Zero™-  קרמון מיוחדות,0,0.0,0.0,0.0
8080332456221_שחור / (10x12 or SAPI Medium) - מדיום ,8080332456221,שחור / (10x12 or SAPI Medium) - מדיום ,0.0,0.0,1189.0,k-zero-plate-carrier,K-Zero™-  קרמון מיוחדות,102,0.0,121278.0,0.0
8080332456221_שחור / (SAPI Large)- גדול  ,8080332456221,שחור / (SAPI Large)- גדול  ,0.0,0.0,1189.0,k-zero-plate-carrier,K-Zero™-  קרמון מיוחדות,0,0.0,0.0,0.0
8091315699997_חום / L,8091315699997,חום / L,0.0,0.0,509.0,warfighter-cummerbund,Warfighter™ - חובקי קרמון מודולריים ,0,0.0,0.0,0.0
8091315699997_חום / M,8091315699997,חום / M,0.0,0.0,489.0,warfighter-cummerbund,Warfighter™ - חובקי קרמון מודולריים ,0,0.0,0.0,0.0
8091315699997_חום / XL,8091315699997,חום / XL,0.0,0.0,529.0,warfighter-cummerbund,Warfighter™ - חובקי קרמון מודולריים ,0,0.0,0.0,0.0
8091315699997_ירוק ריינג'ר / L,8091315699997,ירוק ריינג'ר / L,0.0,0.0,509.0,warfighter-cummerbund,Warfighter™ - חובקי קרמון מודולריים ,94,0.0,47846.0,0.0
8091315699997_ירוק ריינג'ר / M,8091315699997,ירוק ריינג'ר / M,1.0,0.0,489.0,warfighter-cummerbund,Warfighter™ - חובקי קרמון מודולריים ,174,489.0,85086.0,0.0
8091315699997_ירוק ריינג'ר / XL,8091315699997,ירוק ריינג'ר / XL,0.0,0.0,529.0,warfighter-cummerbund,Warfighter™ - חובקי קרמון מודולריים ,-1,0.0,0.0,-529.0
8091315699997_מולטיקם / L,8091315699997,מולטיקם / L,0.0,0.0,509.0,warfighter-cummerbund,Warfighter™ - חובקי קרמון מודולריים ,0,0.0,0.0,0.0
8091315699997_מולטיקם / M,8091315699997,מולטיקם / M,0.0,0.0,489.0,warfighter-cummerbund,Warfighter™ - חובקי קרמון מודולריים ,0,0.0,0.0,0.0
8091315699997_מולטיקם / XL,8091315699997,מולטיקם / XL,0.0,0.0,529.0,warfighter-cummerbund,Warfighter™ - חובקי קרמון מודולריים ,0,0.0,0.0,0.0
8091315699997_שחור / L,8091315699997,שחור / L,0.0,0.0,509.0,warfighter-cummerbund,Warfighter™ - חובקי קרמון מודולריים ,11,0.0,5599.0,0.0
8091315699997_שחור / M,8091315699997,שחור / M,0.0,0.0,489.0,warfighter-cummerbund,Warfighter™ - חובקי קרמון מודולריים ,54,0.0,26406.0,0.0
8091315699997_שחור / XL,8091315699997,שחור / XL,0.0,0.0,529.0,warfighter-cummerbund,Warfighter™ - חובקי קרמון מודולריים ,0,0.0,0.0,0.0
8091315831069_ירוק ריינג'ר,8091315831069,ירוק ריינג'ר,0.0,0.0,319.0,flank-side-plate-carriers,Flank™ -  פאוץ' פלטות מיגון צדדיות,444,0.0,141636.0,0.0
8091315831069_מולטיקם,8091315831069,מולטיקם,0.0,0.0,319.0,flank-side-plate-carriers,Flank™ -  פאוץ' פלטות מיגון צדדיות,0,0.0,0.0,0.0
8091315831069_שחור,8091315831069,שחור,0.0,0.0,319.0,flank-side-plate-carriers,Flank™ -  פאוץ' פלטות מיגון צדדיות,2,0.0,638.0,0.0
8091315896605_ירוק ריינג'ר,8091315896605,ירוק ריינג'ר,0.0,1.0,229.0,pincer-2nd-layer-admin-pouch,  פאוץ' קדמי לפונדת סקוטש קשיחה,56,0.0,12824.0,0.0
8091315896605_מולטיקם,8091315896605,מולטיקם,0.0,0.0,254.9,pincer-2nd-layer-admin-pouch,  פאוץ' קדמי לפונדת סקוטש קשיחה,0,0.0,0.0,0.0
8091315896605_שחור,8091315896605,שחור,0.0,0.0,229.0,pincer-2nd-layer-admin-pouch,  פאוץ' קדמי לפונדת סקוטש קשיחה,4,0.0,916.0,0.0
8091315994909_ירוק ריינג'ר,8091315994909,ירוק ריינג'ר,1.0,0.0,139.9,pincer-pistol-single-pouch,Pincer™ -  פונדת מחסנית אקדח,68,139.9,9513.2,0.0
8091315994909_מולטיקם,8091315994909,מולטיקם,0.0,0.0,139.9,pincer-pistol-single-pouch,Pincer™ -  פונדת מחסנית אקדח,0,0.0,0.0,0.0
8091315994909_שחור,8091315994909,שחור,1.0,0.0,139.9,pincer-pistol-single-pouch,Pincer™ -  פונדת מחסנית אקדח,112,139.9,15668.800000000001,0.0
8192262799645_חום,8192262799645,חום,0.0,0.0,49.9,quick-release-cummerbund-buckle,2M ROC - מערכת ניתוק מהיר,0,0.0,0.0,0.0
8192262799645_שחור,8192262799645,שחור,3.0,0.0,49.9,quick-release-cummerbund-buckle,2M ROC - מערכת ניתוק מהיר,220,149.7,10978.0,0.0
8192287113501_Default Title,8192287113501,Default Title,0.0,0.0,0.0,t-e-k-zero-patch,T&E K-Zero Patch,0,0.0,0.0,0.0
8192287146269_Default Title,8192287146269,Default Title,0.0,0.0,0.0,t-e-testing-team-green-patch,T&E Testing Team Green Patch,0,0.0,0.0,0.0
8192287179037_Default Title,8192287179037,Default Title,0.0,0.0,0.0,t-e-testing-team-brown-patch,T&E Testing Team Brown Patch,0,0.0,0.0,0.0
8192287310109_אפור,8192287310109,אפור,0.0,0.0,27.9,scorpion-patch,פאץ' עקרב,0,0.0,0.0,0.0
8192287310109_ירוק זית,8192287310109,ירוק זית,0.0,0.0,27.9,scorpion-patch,פאץ' עקרב,-11,0.0,0.0,-306.9
8231924891933_Black / DX,8231924891933,Black / DX,0.0,0.0,22.0,buckle-k19-40mm-shoulder-strap,"K19™ - אבזם החלפה 40מ""מ לרצועת כתף",100,0.0,2200.0,0.0
8231924891933_Black / SX,8231924891933,Black / SX,0.0,0.0,22.0,buckle-k19-40mm-shoulder-strap,"K19™ - אבזם החלפה 40מ""מ לרצועת כתף",100,0.0,2200.0,0.0
8231924891933_Coyote Tan / DX,8231924891933,Coyote Tan / DX,0.0,0.0,22.0,buckle-k19-40mm-shoulder-strap,"K19™ - אבזם החלפה 40מ""מ לרצועת כתף",0,0.0,0.0,0.0
8231924891933_Coyote Tan / SX,8231924891933,Coyote Tan / SX,0.0,0.0,22.0,buckle-k19-40mm-shoulder-strap,"K19™ - אבזם החלפה 40מ""מ לרצועת כתף",0,0.0,0.0,0.0
8328043757853_Default Title,8328043757853,Default Title,0.0,0.0,0.0,t-e-warfighter-patch,T&E Warfighter Patch,0,0.0,0.0,0.0
8352375603485_Default Title,8352375603485,Default Title,0.0,0.0,0.0,t-e-testing-team-3-patch,T&E Testing Team 3 Patch,0,0.0,0.0,0.0
8352375636253_Default Title,8352375636253,Default Title,0.0,0.0,0.0,t-e-testing-team-11-patch,T&E Testing Team 11 Patch,0,0.0,0.0,0.0
8364665078045_חום,8364665078045,חום,0.0,0.0,149.0,k-19-plate-carrier-back-flap-adapter,K19™ - כנף תיאום אחורית לחובק קרמון,0,0.0,0.0,0.0
8364665078045_ירוק,8364665078045,ירוק,0.0,0.0,149.0,k-19-plate-carrier-back-flap-adapter,K19™ - כנף תיאום אחורית לחובק קרמון,0,0.0,0.0,0.0
8364665078045_ירוק ריינג'ר,8364665078045,ירוק ריינג'ר,0.0,0.0,149.0,k-19-plate-carrier-back-flap-adapter,K19™ - כנף תיאום אחורית לחובק קרמון,114,0.0,16986.0,0.0
8364665078045_מולטיקם,8364665078045,מולטיקם,0.0,0.0,149.0,k-19-plate-carrier-back-flap-adapter,K19™ - כנף תיאום אחורית לחובק קרמון,0,0.0,0.0,0.0
8388329505053_ירוק ריינג'ר,8388329505053,ירוק ריינג'ר,1.0,0.0,209.0,pincer-pistol-double-pouch,Pincer™ -  פונדת מחסנית כפולה לאקדח,59,209.0,12331.0,0.0
8388329505053_מולטיקם,8388329505053,מולטיקם,0.0,0.0,209.0,pincer-pistol-double-pouch,Pincer™ -  פונדת מחסנית כפולה לאקדח,0,0.0,0.0,0.0
8388329505053_שחור,8388329505053,שחור,2.0,0.0,209.0,pincer-pistol-double-pouch,Pincer™ -  פונדת מחסנית כפולה לאקדח,61,418.0,12749.0,0.0
8402082988317_ירוק ריינג'ר,8402082988317,ירוק ריינג'ר,1.0,0.0,209.0,general-purpose-pouch,פאוץ' כללי מודולרי,79,209.0,16511.0,0.0
8402082988317_מולטיקם,8402082988317,מולטיקם,0.0,0.0,209.0,general-purpose-pouch,פאוץ' כללי מודולרי,0,0.0,0.0,0.0
8402082988317_שחור,8402082988317,שחור,0.0,0.0,209.0,general-purpose-pouch,פאוץ' כללי מודולרי,140,0.0,29260.0,0.0
8440988336413_אפור,8440988336413,אפור,0.0,0.0,139.9,scorpion-logo-hat,כובע לוגו עקרב,-1,0.0,0.0,-139.9
8440988336413_ירוק זית,8440988336413,ירוק זית,0.0,0.0,139.9,scorpion-logo-hat,כובע לוגו עקרב,0,0.0,0.0,0.0
8440988336413_שחור,8440988336413,שחור,0.0,0.0,139.9,scorpion-logo-hat,כובע לוגו עקרב,0,0.0,0.0,0.0
8480933970205_ירוק ריינג'ר,8480933970205,ירוק ריינג'ר,0.0,0.0,170.0,agilite-molle-placard,מתאם מודולרי לחיבור סקוטש,78,0.0,13260.0,0.0
8480933970205_מולטיקם,8480933970205,מולטיקם,0.0,0.0,170.0,agilite-molle-placard,מתאם מודולרי לחיבור סקוטש,0,0.0,0.0,0.0
8480933970205_שחור,8480933970205,שחור,0.0,0.0,170.0,agilite-molle-placard,מתאם מודולרי לחיבור סקוטש,0,0.0,0.0,0.0
8625010934045_מולטיקם,8625010934045,מולטיקם,0.0,0.0,149.9,agilite-multicam-trucker-hat,כובע רשת עקרב,-5,0.0,0.0,-749.5
8625010934045_מולטיקם שחור,8625010934045,מולטיקם שחור,0.0,0.0,149.9,agilite-multicam-trucker-hat,כובע רשת עקרב,-1,0.0,0.0,-149.9
8647001571613_Default Title,8647001571613,Default Title,0.0,0.0,0.0,t-e-testing-team-2-patch,T&E Testing Team 2 Patch,0,0.0,0.0,0.0
8647001669917_Default Title,8647001669917,Default Title,0.0,0.0,0.0,t-e-testing-team-5-patch,T&E Testing Team 5 Patch,0,0.0,0.0,0.0
8686706589981_ירוק ריינג'ר,8686706589981,ירוק ריינג'ר,1.0,0.0,599.0,micro-map,Micro MAP™ - תיק תקיפה זעיר,224,599.0,134176.0,0.0
8686706589981_מולטיקם,8686706589981,מולטיקם,0.0,0.0,639.0,micro-map,Micro MAP™ - תיק תקיפה זעיר,0,0.0,0.0,0.0
8686706589981_שחור,8686706589981,שחור,0.0,0.0,599.0,micro-map,Micro MAP™ - תיק תקיפה זעיר,156,0.0,93444.0,0.0
8791581917469_Default Title,8791581917469,Default Title,1.0,0.0,213.1,agilite-sapi-hydration-bladder,אג'ילייט SAPI שלוקר,176,213.1,37505.6,0.0
8804518002973_אפור,8804518002973,אפור,0.0,0.0,159.0,scorpion-beanie,כובע גרב עקרב,0,0.0,0.0,0.0
8804518002973_שחור,8804518002973,שחור,0.0,0.0,159.0,scorpion-beanie,כובע גרב עקרב,0,0.0,0.0,0.0
8804518002973_תכלת,8804518002973,תכלת,0.0,0.0,159.0,scorpion-beanie,כובע גרב עקרב,-4,0.0,0.0,-636.0
8804518134045_Grey,8804518134045,Grey,0.0,0.0,159.0,agilite-beanie,כובע גרב אג'ילייט,0,0.0,0.0,0.0
8804518134045_Navy,8804518134045,Navy,0.0,0.0,159.0,agilite-beanie,כובע גרב אג'ילייט,7,0.0,1113.0,0.0
8878453915933_Default Title,8878453915933,Default Title,0.0,0.0,439.0,crossbow-one-black-with-smoke-gray-clear,Crossbow - משקפי מגן של ,150,0.0,65850.0,0.0
8878512570653_Default Title,8878512570653,Default Title,0.0,0.0,1949.0,level-iii-ceramic-armor-plate,HESCO®3810 +3 פלטה קרמית רמה,0,0.0,0.0,0.0
8950596469021_Default Title,8950596469021,Default Title,0.0,0.0,1590.0,hesco-3110-level-iii-side-plate,'+פלטות צד קרמיות רמה שלוש - HESCO 3110 LVL III+ ,413,0.0,656670.0,0.0
9001923838237_ירוק ריינג'ר / אקסטרה לארג',9001923838237,ירוק ריינג'ר / אקסטרה לארג',1.0,0.0,769.0,magnetix-battle-belt,Magnetix™ - חגורת קרב ,80,769.0,61520.0,0.0
9001923838237_ירוק ריינג'ר / לארג',9001923838237,ירוק ריינג'ר / לארג',0.0,0.0,769.0,magnetix-battle-belt,Magnetix™ - חגורת קרב ,48,0.0,36912.0,0.0
9001923838237_ירוק ריינג'ר / מדיום,9001923838237,ירוק ריינג'ר / מדיום,1.0,0.0,769.0,magnetix-battle-belt,Magnetix™ - חגורת קרב ,48,769.0,36912.0,0.0
9001923838237_ירוק ריינג'ר / סמול,9001923838237,ירוק ריינג'ר / סמול,2.0,0.0,769.0,magnetix-battle-belt,Magnetix™ - חגורת קרב ,51,1538.0,39219.0,0.0
9001923838237_מולטיקם / אקסטרה לארג',9001923838237,מולטיקם / אקסטרה לארג',0.0,0.0,769.0,magnetix-battle-belt,Magnetix™ - חגורת קרב ,0,0.0,0.0,0.0
9001923838237_מולטיקם / לארג',9001923838237,מולטיקם / לארג',0.0,0.0,769.0,magnetix-battle-belt,Magnetix™ - חגורת קרב ,0,0.0,0.0,0.0
9001923838237_מולטיקם / מדיום,9001923838237,מולטיקם / מדיום,0.0,0.0,769.0,magnetix-battle-belt,Magnetix™ - חגורת קרב ,0,0.0,0.0,0.0
9001923838237_מולטיקם / סמול,9001923838237,מולטיקם / סמול,0.0,0.0,769.0,magnetix-battle-belt,Magnetix™ - חגורת קרב ,0,0.0,0.0,0.0
9001923838237_שחור / אקסטרה לארג',9001923838237,שחור / אקסטרה לארג',1.0,0.0,769.0,magnetix-battle-belt,Magnetix™ - חגורת קרב ,39,769.0,29991.0,0.0
9001923838237_שחור / לארג',9001923838237,שחור / לארג',2.0,0.0,769.0,magnetix-battle-belt,Magnetix™ - חגורת קרב ,39,1538.0,29991.0,0.0
9001923838237_שחור / מדיום,9001923838237,שחור / מדיום,0.0,0.0,769.0,magnetix-battle-belt,Magnetix™ - חגורת קרב ,10,0.0,7690.0,0.0
9001923838237_שחור / סמול,9001923838237,שחור / סמול,0.0,0.0,769.0,magnetix-battle-belt,Magnetix™ - חגורת קרב ,36,0.0,27684.0,0.0
9275738718493_לארג',9275738718493,לארג',0.0,0.0,1764.0,k-zero-bundle,חבילת קרמון  ™K-Zero מזווד ,47,0.0,82908.0,0.0
9275738718493_מדיום,9275738718493,מדיום,2.0,0.0,1764.0,k-zero-bundle,חבילת קרמון  ™K-Zero מזווד ,127,3528.0,224028.0,0.0
9306896826653_ירוק ריינג'ר,9306896826653,ירוק ריינג'ר,0.0,0.0,282.47,ערד-ערכת-רפואה-דחופה,"ער""ד ללוחם (ערכת רפואה דחופה) ™MD2",213,0.0,60166.11000000001,0.0
9306896826653_מולטיקם,9306896826653,מולטיקם,0.0,0.0,282.47,ערד-ערכת-רפואה-דחופה,"ער""ד ללוחם (ערכת רפואה דחופה) ™MD2",0,0.0,0.0,0.0
9306896826653_שחור,9306896826653,שחור,0.0,0.0,282.47,ערד-ערכת-רפואה-דחופה,"ער""ד ללוחם (ערכת רפואה דחופה) ™MD2",113,0.0,31919.110000000004,0.0
9306905805085_Default Title,9306905805085,Default Title,0.0,0.0,267.93,md2-compact-trauma-kit-contents,"ציוד רפואי לער""ד",0,0.0,0.0,0.0
9306910359837_חום,9306910359837,חום,0.0,0.0,126.9,molle-hanger,מתלה MOLLE ,0,0.0,0.0,0.0
9306910359837_ירוק ריינג'ר,9306910359837,ירוק ריינג'ר,0.0,0.0,126.9,molle-hanger,מתלה MOLLE ,167,0.0,21192.3,0.0
9306910359837_שחור,9306910359837,שחור,0.0,0.0,126.9,molle-hanger,מתלה MOLLE ,48,0.0,6091.200000000001,0.0
9344894042397_Black,9344894042397,Black,0.0,0.0,84.9,discounted-molle-hanger,Discounted MOLLE Hanger,48,0.0,4075.2000000000003,0.0
9344894042397_Coyote Brown,9344894042397,Coyote Brown,0.0,0.0,84.9,discounted-molle-hanger,Discounted MOLLE Hanger,0,0.0,0.0,0.0
9344894042397_Ranger Green,9344894042397,Ranger Green,0.0,0.0,84.9,discounted-molle-hanger,Discounted MOLLE Hanger,167,0.0,14178.300000000001,0.0
9363870056733_ירוק ריינג'ר,9363870056733,ירוק ריינג'ר,1.0,0.0,89.0,פאוץ-ל-רימון,פאוץ' לרימון,39,89.0,3471.0,0.0
9365757329693_ירוק ריינג'ר,9365757329693,ירוק ריינג'ר,0.0,0.0,229.0,radio-pouch,פאוץ' לרדיו,225,0.0,51525.0,0.0
9365760147741_ירוק ריינג'ר,9365760147741,ירוק ריינג'ר,2.0,0.0,99.9,matol-pouch,פאוץ' למטול,10,199.8,999.0,0.0
9365834268957_ירוק ריינג'ר / אקסטרה לארג',9365834268957,ירוק ריינג'ר / אקסטרה לארג',0.0,0.0,217.18,magnetix-edc-battle-belt,חגורת Magnetix™לנשיאה יומיומית,0,0.0,0.0,0.0
9365834268957_ירוק ריינג'ר / לארג',9365834268957,ירוק ריינג'ר / לארג',0.0,0.0,217.18,magnetix-edc-battle-belt,חגורת Magnetix™לנשיאה יומיומית,0,0.0,0.0,0.0
9365834268957_ירוק ריינג'ר / מדיום,9365834268957,ירוק ריינג'ר / מדיום,0.0,0.0,217.18,magnetix-edc-battle-belt,חגורת Magnetix™לנשיאה יומיומית,0,0.0,0.0,0.0
9365834268957_מולטיקם / אקסטרה לארג',9365834268957,מולטיקם / אקסטרה לארג',0.0,0.0,217.18,magnetix-edc-battle-belt,חגורת Magnetix™לנשיאה יומיומית,0,0.0,0.0,0.0
9365834268957_מולטיקם / לארג',9365834268957,מולטיקם / לארג',0.0,0.0,217.18,magnetix-edc-battle-belt,חגורת Magnetix™לנשיאה יומיומית,0,0.0,0.0,0.0
9365834268957_מולטיקם / מדיום,9365834268957,מולטיקם / מדיום,0.0,0.0,217.18,magnetix-edc-battle-belt,חגורת Magnetix™לנשיאה יומיומית,0,0.0,0.0,0.0
9365834268957_שחור / אקסטרה לארג',9365834268957,שחור / אקסטרה לארג',0.0,0.0,217.18,magnetix-edc-battle-belt,חגורת Magnetix™לנשיאה יומיומית,0,0.0,0.0,0.0
9365834268957_שחור / לארג',9365834268957,שחור / לארג',0.0,0.0,217.18,magnetix-edc-battle-belt,חגורת Magnetix™לנשיאה יומיומית,-1,0.0,0.0,-217.18
9365834268957_שחור / מדיום,9365834268957,שחור / מדיום,0.0,0.0,217.18,magnetix-edc-battle-belt,חגורת Magnetix™לנשיאה יומיומית,0,0.0,0.0,0.0
9469412180253_ירוק ריינג'ר,9469412180253,ירוק ריינג'ר,0.0,0.0,151.9,pincer-placard-2nd-layer-molle,Pincer™ Placard - שכבה שנייה של MOLLE ,228,0.0,34633.200000000004,0.0
9469412180253_מולטיקם,9469412180253,מולטיקם,0.0,0.0,173.66,pincer-placard-2nd-layer-molle,Pincer™ Placard - שכבה שנייה של MOLLE ,0,0.0,0.0,0.0
9469412180253_שחור,9469412180253,שחור,0.0,0.0,151.9,pincer-placard-2nd-layer-molle,Pincer™ Placard - שכבה שנייה של MOLLE ,5,0.0,759.5,0.0
9650512560413_Default Title,9650512560413,Default Title,0.0,0.0,0.0,black-scorpion-patch,פאץ' סקורפיון שחור,-5,0.0,0.0,-0.0
9716337541405_ירוק ריינג'ר,9716337541405,ירוק ריינג'ר,0.0,0.0,482.42,reaper-chest-rig,"מל""מ (מערכת לחימה מנימליסטית)",0,0.0,0.0,0.0
9716337541405_מולטיקם,9716337541405,מולטיקם,0.0,0.0,526.31,reaper-chest-rig,"מל""מ (מערכת לחימה מנימליסטית)",0,0.0,0.0,0.0
9716337541405_שחור,9716337541405,שחור,0.0,0.0,482.42,reaper-chest-rig,"מל""מ (מערכת לחימה מנימליסטית)",21,0.0,10130.82,0.0
9721787679005_ירוק ריינג'ר,9721787679005,ירוק ריינג'ר,1.0,0.0,319.99,modular-elastic-cummerbund,חובק קרמון אלסטי,29,319.99,9279.710000000001,0.0
9721787679005_מולטיקם,9721787679005,מולטיקם,0.0,0.0,319.99,modular-elastic-cummerbund,חובק קרמון אלסטי,0,0.0,0.0,0.0
9721787679005_שחור ,9721787679005,שחור ,0.0,0.0,319.99,modular-elastic-cummerbund,חובק קרמון אלסטי,81,0.0,25919.190000000002,0.0
9744573890845_ירוק ריינג'ר / (10x12 or SAPI Medium) - מדיום ,9744573890845,ירוק ריינג'ר / (10x12 or SAPI Medium) - מדיום ,2.0,0.0,990.0,k-zero-בהנחת-טלגרם,K-Zero™-  קרמון מיוחדות,127,1980.0,125730.0,0.0
9744573890845_ירוק ריינג'ר / (SAPI Large)- גדול  ,9744573890845,ירוק ריינג'ר / (SAPI Large)- גדול  ,0.0,0.0,990.0,k-zero-בהנחת-טלגרם,K-Zero™-  קרמון מיוחדות,47,0.0,46530.0,0.0
9744573890845_שחור / (10x12 or SAPI Medium) - מדיום ,9744573890845,שחור / (10x12 or SAPI Medium) - מדיום ,0.0,0.0,990.0,k-zero-בהנחת-טלגרם,K-Zero™-  קרמון מיוחדות,102,0.0,100980.0,0.0
9744573890845_שחור / (SAPI Large)- גדול  ,9744573890845,שחור / (SAPI Large)- גדול  ,0.0,0.0,990.0,k-zero-בהנחת-טלגרם,K-Zero™-  קרמון מיוחדות,0,0.0,0.0,0.0
9748504117533_ירוק ריינג'ר,9748504117533,ירוק ריינג'ר,0.0,0.0,284.89,warfighter-wings,"כנפי הרחבה למל""מ",5,0.0,1424.4499999999998,0.0
9748504117533_שחור,9748504117533,שחור,0.0,0.0,284.89,warfighter-wings,"כנפי הרחבה למל""מ",24,0.0,6837.36,0.0
9775053832477_אקסטרה לארג',9775053832477,אקסטרה לארג',4.0,2.0,1622.47,magnetix™-battle-belt-loadout,חבילת חגורת קרב ™Magnetix מזוודת,-1,6489.88,0.0,-1622.47
9775053832477_לארג',9775053832477,לארג',4.0,2.0,1622.47,magnetix™-battle-belt-loadout,חבילת חגורת קרב ™Magnetix מזוודת,-1,6489.88,0.0,-1622.47
9775053832477_מדיום,9775053832477,מדיום,4.0,2.0,1622.47,magnetix™-battle-belt-loadout,חבילת חגורת קרב ™Magnetix מזוודת,-1,6489.88,0.0,-1622.47
9775053832477_סמול,9775053832477,סמול,4.0,2.0,1622.47,magnetix™-battle-belt-loadout,חבילת חגורת קרב ™Magnetix מזוודת,-1,6489.88,0.0,-1622.47
9778618794269_ירוק ריינג'ר,9778618794269,ירוק ריינג'ר,0.0,0.0,0.0,מתלה-כפפות-טקטי,מתלה כפפות טקטי ,0,0.0,0.0,0.0
9778618794269_שחור,9778618794269,שחור,0.0,0.0,0.0,מתלה-כפפות-טקטי,מתלה כפפות טקטי ,-2,0.0,0.0,-0.0
9794227274013_ירוק ריינג'ר / אקסטרה לארג',9794227274013,ירוק ריינג'ר / אקסטרה לארג',1.0,0.0,650.0,magnetix™-battle-belt-בהנחת-טלגרם,Magnetix™ - חגורת קרב ,80,650.0,52000.0,0.0
9794227274013_ירוק ריינג'ר / לארג',9794227274013,ירוק ריינג'ר / לארג',0.0,0.0,650.0,magnetix™-battle-belt-בהנחת-טלגרם,Magnetix™ - חגורת קרב ,48,0.0,31200.0,0.0
9794227274013_ירוק ריינג'ר / מדיום,9794227274013,ירוק ריינג'ר / מדיום,1.0,0.0,650.0,magnetix™-battle-belt-בהנחת-טלגרם,Magnetix™ - חגורת קרב ,48,650.0,31200.0,0.0
9794227274013_ירוק ריינג'ר / סמול,9794227274013,ירוק ריינג'ר / סמול,2.0,0.0,650.0,magnetix™-battle-belt-בהנחת-טלגרם,Magnetix™ - חגורת קרב ,51,1300.0,33150.0,0.0
9794227274013_מולטיקם / אקסטרה לארג',9794227274013,מולטיקם / אקסטרה לארג',0.0,0.0,650.0,magnetix™-battle-belt-בהנחת-טלגרם,Magnetix™ - חגורת קרב ,0,0.0,0.0,0.0
9794227274013_מולטיקם / לארג',9794227274013,מולטיקם / לארג',0.0,0.0,650.0,magnetix™-battle-belt-בהנחת-טלגרם,Magnetix™ - חגורת קרב ,0,0.0,0.0,0.0
9794227274013_מולטיקם / מדיום,9794227274013,מולטיקם / מדיום,0.0,0.0,650.0,magnetix™-battle-belt-בהנחת-טלגרם,Magnetix™ - חגורת קרב ,0,0.0,0.0,0.0
9794227274013_מולטיקם / סמול,9794227274013,מולטיקם / סמול,0.0,0.0,650.0,magnetix™-battle-belt-בהנחת-טלגרם,Magnetix™ - חגורת קרב ,0,0.0,0.0,0.0
9794227274013_שחור / אקסטרה לארג',9794227274013,שחור / אקסטרה לארג',1.0,0.0,650.0,magnetix™-battle-belt-בהנחת-טלגרם,Magnetix™ - חגורת קרב ,39,650.0,25350.0,0.0
9794227274013_שחור / לארג',9794227274013,שחור / לארג',2.0,0.0,650.0,magnetix™-battle-belt-בהנחת-טלגרם,Magnetix™ - חגורת קרב ,39,1300.0,25350.0,0.0
9794227274013_שחור / מדיום,9794227274013,שחור / מדיום,0.0,0.0,650.0,magnetix™-battle-belt-בהנחת-טלגרם,Magnetix™ - חגורת קרב ,10,0.0,6500.0,0.0
9794227274013_שחור / סמול,9794227274013,שחור / סמול,0.0,0.0,650.0,magnetix™-battle-belt-בהנחת-טלגרם,Magnetix™ - חגורת קרב ,36,0.0,23400.0,0.0
9835354980637_ירוק ריינג'ר,9835354980637,ירוק ריינג'ר,1.0,0.0,287.18,battleshell-phone-pouch,פאוץ' Battleshell™ אוניברסלי למערכת שליטה וטלפונים ,214,287.18,61456.520000000004,0.0
9835354980637_מולטיקם,9835354980637,מולטיקם,0.0,0.0,309.3,battleshell-phone-pouch,פאוץ' Battleshell™ אוניברסלי למערכת שליטה וטלפונים ,0,0.0,0.0,0.0
9835354980637_שחור,9835354980637,שחור,0.0,0.0,287.18,battleshell-phone-pouch,פאוץ' Battleshell™ אוניברסלי למערכת שליטה וטלפונים ,15,0.0,4307.7,0.0
9842351505693_ירוק ריינג'ר / ירוק ריינג'ר / ירוק ריינג'ר,9842351505693,ירוק ריינג'ר / ירוק ריינג'ר / ירוק ריינג'ר,0.0,0.0,806.8,pincer-placard-loadout,חבילת פונדת מחסניות ™Pincer מזוודת,34,0.0,27431.199999999997,0.0
9842351505693_ירוק ריינג'ר / ירוק ריינג'ר / שחור,9842351505693,ירוק ריינג'ר / ירוק ריינג'ר / שחור,0.0,0.0,806.8,pincer-placard-loadout,חבילת פונדת מחסניות ™Pincer מזוודת,34,0.0,27431.199999999997,0.0
9842351505693_ירוק ריינג'ר / שחור / ירוק ריינג'ר,9842351505693,ירוק ריינג'ר / שחור / ירוק ריינג'ר,0.0,0.0,806.8,pincer-placard-loadout,חבילת פונדת מחסניות ™Pincer מזוודת,4,0.0,3227.2,0.0
9842351505693_ירוק ריינג'ר / שחור / שחור,9842351505693,ירוק ריינג'ר / שחור / שחור,0.0,0.0,806.8,pincer-placard-loadout,חבילת פונדת מחסניות ™Pincer מזוודת,4,0.0,3227.2,0.0
9842351505693_שחור / ירוק ריינג'ר / ירוק ריינג'ר,9842351505693,שחור / ירוק ריינג'ר / ירוק ריינג'ר,0.0,1.0,806.8,pincer-placard-loadout,חבילת פונדת מחסניות ™Pincer מזוודת,56,0.0,45180.799999999996,0.0
9842351505693_שחור / ירוק ריינג'ר / שחור,9842351505693,שחור / ירוק ריינג'ר / שחור,0.0,1.0,806.8,pincer-placard-loadout,חבילת פונדת מחסניות ™Pincer מזוודת,56,0.0,45180.799999999996,0.0
9842351505693_שחור / שחור / ירוק ריינג'ר,9842351505693,שחור / שחור / ירוק ריינג'ר,0.0,0.0,806.8,pincer-placard-loadout,חבילת פונדת מחסניות ™Pincer מזוודת,4,0.0,3227.2,0.0
9842351505693_שחור / שחור / שחור,9842351505693,שחור / שחור / שחור,0.0,0.0,806.8,pincer-placard-loadout,חבילת פונדת מחסניות ™Pincer מזוודת,4,0.0,3227.2,0.0
9842361073949_Default Title,9842361073949,Default Title,0.0,0.0,2269.11,reaper-rig-warfighting-bundle-ranger-green-1,"חבילת מל""מ מאובזר + כנפי הרחבה",0,0.0,0.0,0.0
9842366218525_מדיום / אקסטרה לארג',9842366218525,מדיום / אקסטרה לארג',0.0,0.0,1767.9,k-zero™-pro-plate-carrier, חבילת קרמון K-Zero™ Pro,-2,0.0,0.0,-3535.8
9842366218525_מדיום / לארג',9842366218525,מדיום / לארג',0.0,0.0,1747.9,k-zero™-pro-plate-carrier, חבילת קרמון K-Zero™ Pro,141,0.0,246453.90000000002,0.0
9842366218525_מדיום / מדיום,9842366218525,מדיום / מדיום,2.0,0.0,1727.9,k-zero™-pro-plate-carrier, חבילת קרמון K-Zero™ Pro,174,3455.8,300654.60000000003,0.0
9844643004701_ירוק ריינג'ר,9844643004701,ירוק ריינג'ר,0.0,0.0,2268.0,flank™-side-plate-carriers-with-blindside™-level-3st-ceramic-plates,חבילת פאוץ' Flank™ פלטות מיגון צדדיות + פלטות צד קרמיות רמה שלוש - HESCO 3110 LVL III,206,0.0,467208.0,0.0
9844643004701_מולטיקם,9844643004701,מולטיקם,0.0,0.0,2268.0,flank™-side-plate-carriers-with-blindside™-level-3st-ceramic-plates,חבילת פאוץ' Flank™ פלטות מיגון צדדיות + פלטות צד קרמיות רמה שלוש - HESCO 3110 LVL III,0,0.0,0.0,0.0
9844643004701_שחור,9844643004701,שחור,0.0,0.0,2268.0,flank™-side-plate-carriers-with-blindside™-level-3st-ceramic-plates,חבילת פאוץ' Flank™ פלטות מיגון צדדיות + פלטות צד קרמיות רמה שלוש - HESCO 3110 LVL III,2,0.0,4536.0,0.0
9844645921053_ירוק ריינג'ר / ירוק ריינג'ר,9844645921053,ירוק ריינג'ר / ירוק ריינג'ר,0.0,0.0,449.9,pincer™-placard-multi-caliber-2nd-layer-molle,חבילת Pincer™ פונדת מחסניות מולטי קליבר+ Pincer™ Placard שכבה שנייה של MOLLE,167,0.0,75133.3,0.0
9844645921053_ירוק ריינג'ר / שחור,9844645921053,ירוק ריינג'ר / שחור,0.0,0.0,449.9,pincer™-placard-multi-caliber-2nd-layer-molle,חבילת Pincer™ פונדת מחסניות מולטי קליבר+ Pincer™ Placard שכבה שנייה של MOLLE,83,0.0,37341.7,0.0
9844645921053_שחור / ירוק ריינג'ר,9844645921053,שחור / ירוק ריינג'ר,0.0,0.0,449.9,pincer™-placard-multi-caliber-2nd-layer-molle,חבילת Pincer™ פונדת מחסניות מולטי קליבר+ Pincer™ Placard שכבה שנייה של MOLLE,5,0.0,2249.5,0.0
9844645921053_שחור / שחור,9844645921053,שחור / שחור,0.0,0.0,449.9,pincer™-placard-multi-caliber-2nd-layer-molle,חבילת Pincer™ פונדת מחסניות מולטי קליבר+ Pincer™ Placard שכבה שנייה של MOLLE,5,0.0,2249.5,0.0
9844659880221_ירוק ריינג'ר / ירוק ריינג'ר / חום קויטי,9844659880221,ירוק ריינג'ר / ירוק ריינג'ר / חום קויטי,0.0,0.0,1059.42,reaper™-rig-micro-rig-bundle,"חבילת מל""מ מאובזר מיני",0,0.0,0.0,0.0
9844659880221_ירוק ריינג'ר / ירוק ריינג'ר / ירוק ריינג'ר,9844659880221,ירוק ריינג'ר / ירוק ריינג'ר / ירוק ריינג'ר,0.0,0.0,1057.42,reaper™-rig-micro-rig-bundle,"חבילת מל""מ מאובזר מיני",0,0.0,0.0,0.0
9844659880221_ירוק ריינג'ר / ירוק ריינג'ר / מולטיקם,9844659880221,ירוק ריינג'ר / ירוק ריינג'ר / מולטיקם,0.0,0.0,1078.42,reaper™-rig-micro-rig-bundle,"חבילת מל""מ מאובזר מיני",0,0.0,0.0,0.0
9844659880221_ירוק ריינג'ר / ירוק ריינג'ר / שחור,9844659880221,ירוק ריינג'ר / ירוק ריינג'ר / שחור,0.0,0.0,1059.42,reaper™-rig-micro-rig-bundle,"חבילת מל""מ מאובזר מיני",0,0.0,0.0,0.0
9844659880221_ירוק ריינג'ר / ירוק ריינג'ר / שחור מולטיקם,9844659880221,ירוק ריינג'ר / ירוק ריינג'ר / שחור מולטיקם,0.0,0.0,1078.42,reaper™-rig-micro-rig-bundle,"חבילת מל""מ מאובזר מיני",0,0.0,0.0,0.0
9844659880221_ירוק ריינג'ר / מולטיקם / חום קויטי,9844659880221,ירוק ריינג'ר / מולטיקם / חום קויטי,0.0,0.0,1059.42,reaper™-rig-micro-rig-bundle,"חבילת מל""מ מאובזר מיני",0,0.0,0.0,0.0
9844659880221_ירוק ריינג'ר / מולטיקם / ירוק ריינג'ר,9844659880221,ירוק ריינג'ר / מולטיקם / ירוק ריינג'ר,0.0,0.0,1057.42,reaper™-rig-micro-rig-bundle,"חבילת מל""מ מאובזר מיני",0,0.0,0.0,0.0
9844659880221_ירוק ריינג'ר / מולטיקם / מולטיקם,9844659880221,ירוק ריינג'ר / מולטיקם / מולטיקם,0.0,0.0,1078.42,reaper™-rig-micro-rig-bundle,"חבילת מל""מ מאובזר מיני",0,0.0,0.0,0.0
9844659880221_ירוק ריינג'ר / מולטיקם / שחור,9844659880221,ירוק ריינג'ר / מולטיקם / שחור,0.0,0.0,1059.42,reaper™-rig-micro-rig-bundle,"חבילת מל""מ מאובזר מיני",0,0.0,0.0,0.0
9844659880221_ירוק ריינג'ר / מולטיקם / שחור מולטיקם,9844659880221,ירוק ריינג'ר / מולטיקם / שחור מולטיקם,0.0,0.0,1078.42,reaper™-rig-micro-rig-bundle,"חבילת מל""מ מאובזר מיני",0,0.0,0.0,0.0
9844659880221_ירוק ריינג'ר / שחור / חום קויטי,9844659880221,ירוק ריינג'ר / שחור / חום קויטי,0.0,0.0,1059.42,reaper™-rig-micro-rig-bundle,"חבילת מל""מ מאובזר מיני",0,0.0,0.0,0.0
9844659880221_ירוק ריינג'ר / שחור / ירוק ריינג'ר,9844659880221,ירוק ריינג'ר / שחור / ירוק ריינג'ר,0.0,0.0,1057.42,reaper™-rig-micro-rig-bundle,"חבילת מל""מ מאובזר מיני",0,0.0,0.0,0.0
9844659880221_ירוק ריינג'ר / שחור / מולטיקם,9844659880221,ירוק ריינג'ר / שחור / מולטיקם,0.0,0.0,1078.42,reaper™-rig-micro-rig-bundle,"חבילת מל""מ מאובזר מיני",0,0.0,0.0,0.0
9844659880221_ירוק ריינג'ר / שחור / שחור,9844659880221,ירוק ריינג'ר / שחור / שחור,0.0,0.0,1059.42,reaper™-rig-micro-rig-bundle,"חבילת מל""מ מאובזר מיני",0,0.0,0.0,0.0
9844659880221_ירוק ריינג'ר / שחור / שחור מולטיקם,9844659880221,ירוק ריינג'ר / שחור / שחור מולטיקם,0.0,0.0,1078.42,reaper™-rig-micro-rig-bundle,"חבילת מל""מ מאובזר מיני",0,0.0,0.0,0.0
9844659880221_מולטיקם / ירוק ריינג'ר / חום קויטי,9844659880221,מולטיקם / ירוק ריינג'ר / חום קויטי,0.0,0.0,1103.31,reaper™-rig-micro-rig-bundle,"חבילת מל""מ מאובזר מיני",0,0.0,0.0,0.0
9844659880221_מולטיקם / ירוק ריינג'ר / ירוק ריינג'ר,9844659880221,מולטיקם / ירוק ריינג'ר / ירוק ריינג'ר,0.0,0.0,1101.31,reaper™-rig-micro-rig-bundle,"חבילת מל""מ מאובזר מיני",0,0.0,0.0,0.0
9844659880221_מולטיקם / ירוק ריינג'ר / מולטיקם,9844659880221,מולטיקם / ירוק ריינג'ר / מולטיקם,0.0,0.0,1122.31,reaper™-rig-micro-rig-bundle,"חבילת מל""מ מאובזר מיני",0,0.0,0.0,0.0
9844659880221_מולטיקם / ירוק ריינג'ר / שחור,9844659880221,מולטיקם / ירוק ריינג'ר / שחור,0.0,0.0,1103.31,reaper™-rig-micro-rig-bundle,"חבילת מל""מ מאובזר מיני",0,0.0,0.0,0.0
9844659880221_מולטיקם / ירוק ריינג'ר / שחור מולטיקם,9844659880221,מולטיקם / ירוק ריינג'ר / שחור מולטיקם,0.0,0.0,1122.31,reaper™-rig-micro-rig-bundle,"חבילת מל""מ מאובזר מיני",0,0.0,0.0,0.0
9844659880221_מולטיקם / מולטיקם / חום קויטי,9844659880221,מולטיקם / מולטיקם / חום קויטי,0.0,0.0,1103.31,reaper™-rig-micro-rig-bundle,"חבילת מל""מ מאובזר מיני",0,0.0,0.0,0.0
9844659880221_מולטיקם / מולטיקם / ירוק ריינג'ר,9844659880221,מולטיקם / מולטיקם / ירוק ריינג'ר,0.0,0.0,1101.31,reaper™-rig-micro-rig-bundle,"חבילת מל""מ מאובזר מיני",0,0.0,0.0,0.0
9844659880221_מולטיקם / מולטיקם / מולטיקם,9844659880221,מולטיקם / מולטיקם / מולטיקם,0.0,0.0,1122.31,reaper™-rig-micro-rig-bundle,"חבילת מל""מ מאובזר מיני",0,0.0,0.0,0.0
9844659880221_מולטיקם / מולטיקם / שחור,9844659880221,מולטיקם / מולטיקם / שחור,0.0,0.0,1103.31,reaper™-rig-micro-rig-bundle,"חבילת מל""מ מאובזר מיני",0,0.0,0.0,0.0
9844659880221_מולטיקם / מולטיקם / שחור מולטיקם,9844659880221,מולטיקם / מולטיקם / שחור מולטיקם,0.0,0.0,1122.31,reaper™-rig-micro-rig-bundle,"חבילת מל""מ מאובזר מיני",0,0.0,0.0,0.0
9844659880221_מולטיקם / שחור / חום קויטי,9844659880221,מולטיקם / שחור / חום קויטי,0.0,0.0,1103.31,reaper™-rig-micro-rig-bundle,"חבילת מל""מ מאובזר מיני",0,0.0,0.0,0.0
9844659880221_מולטיקם / שחור / ירוק ריינג'ר,9844659880221,מולטיקם / שחור / ירוק ריינג'ר,0.0,0.0,1101.31,reaper™-rig-micro-rig-bundle,"חבילת מל""מ מאובזר מיני",0,0.0,0.0,0.0
9844659880221_מולטיקם / שחור / מולטיקם,9844659880221,מולטיקם / שחור / מולטיקם,0.0,0.0,1122.31,reaper™-rig-micro-rig-bundle,"חבילת מל""מ מאובזר מיני",0,0.0,0.0,0.0
9844659880221_מולטיקם / שחור / שחור,9844659880221,מולטיקם / שחור / שחור,0.0,0.0,1103.31,reaper™-rig-micro-rig-bundle,"חבילת מל""מ מאובזר מיני",0,0.0,0.0,0.0
9844659880221_מולטיקם / שחור / שחור מולטיקם,9844659880221,מולטיקם / שחור / שחור מולטיקם,0.0,0.0,1122.31,reaper™-rig-micro-rig-bundle,"חבילת מל""מ מאובזר מיני",0,0.0,0.0,0.0
9844659880221_שחור / ירוק ריינג'ר / חום קויטי,9844659880221,שחור / ירוק ריינג'ר / חום קויטי,0.0,0.0,1059.42,reaper™-rig-micro-rig-bundle,"חבילת מל""מ מאובזר מיני",0,0.0,0.0,0.0
9844659880221_שחור / ירוק ריינג'ר / ירוק ריינג'ר,9844659880221,שחור / ירוק ריינג'ר / ירוק ריינג'ר,0.0,0.0,1057.42,reaper™-rig-micro-rig-bundle,"חבילת מל""מ מאובזר מיני",21,0.0,22205.82,0.0
9844659880221_שחור / ירוק ריינג'ר / מולטיקם,9844659880221,שחור / ירוק ריינג'ר / מולטיקם,0.0,0.0,1078.42,reaper™-rig-micro-rig-bundle,"חבילת מל""מ מאובזר מיני",0,0.0,0.0,0.0
9844659880221_שחור / ירוק ריינג'ר / שחור,9844659880221,שחור / ירוק ריינג'ר / שחור,0.0,0.0,1059.42,reaper™-rig-micro-rig-bundle,"חבילת מל""מ מאובזר מיני",0,0.0,0.0,0.0
9844659880221_שחור / ירוק ריינג'ר / שחור מולטיקם,9844659880221,שחור / ירוק ריינג'ר / שחור מולטיקם,0.0,0.0,1078.42,reaper™-rig-micro-rig-bundle,"חבילת מל""מ מאובזר מיני",0,0.0,0.0,0.0
9844659880221_שחור / מולטיקם / חום קויטי,9844659880221,שחור / מולטיקם / חום קויטי,0.0,0.0,1059.42,reaper™-rig-micro-rig-bundle,"חבילת מל""מ מאובזר מיני",0,0.0,0.0,0.0
9844659880221_שחור / מולטיקם / ירוק ריינג'ר,9844659880221,שחור / מולטיקם / ירוק ריינג'ר,0.0,0.0,1057.42,reaper™-rig-micro-rig-bundle,"חבילת מל""מ מאובזר מיני",0,0.0,0.0,0.0
9844659880221_שחור / מולטיקם / מולטיקם,9844659880221,שחור / מולטיקם / מולטיקם,0.0,0.0,1078.42,reaper™-rig-micro-rig-bundle,"חבילת מל""מ מאובזר מיני",0,0.0,0.0,0.0
9844659880221_שחור / מולטיקם / שחור,9844659880221,שחור / מולטיקם / שחור,0.0,0.0,1059.42,reaper™-rig-micro-rig-bundle,"חבילת מל""מ מאובזר מיני",0,0.0,0.0,0.0
9844659880221_שחור / מולטיקם / שחור מולטיקם,9844659880221,שחור / מולטיקם / שחור מולטיקם,0.0,0.0,1078.42,reaper™-rig-micro-rig-bundle,"חבילת מל""מ מאובזר מיני",0,0.0,0.0,0.0
9844659880221_שחור / שחור / חום קויטי,9844659880221,שחור / שחור / חום קויטי,0.0,0.0,1059.42,reaper™-rig-micro-rig-bundle,"חבילת מל""מ מאובזר מיני",0,0.0,0.0,0.0
9844659880221_שחור / שחור / ירוק ריינג'ר,9844659880221,שחור / שחור / ירוק ריינג'ר,0.0,0.0,1057.42,reaper™-rig-micro-rig-bundle,"חבילת מל""מ מאובזר מיני",21,0.0,22205.82,0.0
9844659880221_שחור / שחור / מולטיקם,9844659880221,שחור / שחור / מולטיקם,0.0,0.0,1078.42,reaper™-rig-micro-rig-bundle,"חבילת מל""מ מאובזר מיני",0,0.0,0.0,0.0
9844659880221_שחור / שחור / שחור,9844659880221,שחור / שחור / שחור,0.0,0.0,1059.42,reaper™-rig-micro-rig-bundle,"חבילת מל""מ מאובזר מיני",0,0.0,0.0,0.0
9844659880221_שחור / שחור / שחור מולטיקם,9844659880221,שחור / שחור / שחור מולטיקם,0.0,0.0,1078.42,reaper™-rig-micro-rig-bundle,"חבילת מל""מ מאובזר מיני",0,0.0,0.0,0.0
9849669812509_ירוק ריינג'ר / Black,9849669812509,ירוק ריינג'ר / Black,0.0,0.0,3098.0,k19-plate-carrier-3-0-hesco-3110-level-iii-side-plates,חבילת קרמון K-19™  3.0 + פלטות צד קרמיות רמה שלוש - HESCO 3110 LVL III,2,0.0,6196.0,0.0
9849669812509_ירוק ריינג'ר / ירוק ריינג'ר,9849669812509,ירוק ריינג'ר / ירוק ריינג'ר,0.0,0.0,2779.0,k19-plate-carrier-3-0-hesco-3110-level-iii-side-plates,חבילת קרמון K-19™  3.0 + פלטות צד קרמיות רמה שלוש - HESCO 3110 LVL III,170,0.0,472430.0,0.0
9849669812509_שחור / Black,9849669812509,שחור / Black,0.0,0.0,3098.0,k19-plate-carrier-3-0-hesco-3110-level-iii-side-plates,חבילת קרמון K-19™  3.0 + פלטות צד קרמיות רמה שלוש - HESCO 3110 LVL III,2,0.0,6196.0,0.0
9849669812509_שחור / ירוק ריינג'ר,9849669812509,שחור / ירוק ריינג'ר,0.0,0.0,2779.0,k19-plate-carrier-3-0-hesco-3110-level-iii-side-plates,חבילת קרמון K-19™  3.0 + פלטות צד קרמיות רמה שלוש - HESCO 3110 LVL III,38,0.0,105602.0,0.0
9850248593693_ירוק ריינג'ר / לארג' / ירוק ריינג'ר,9850248593693,ירוק ריינג'ר / לארג' / ירוק ריינג'ר,0.0,0.0,2779.0,k-zero-plate-carrier-hesco-3110-level-iii-side-plates,חבילת ™K-Zero קרמון + פלטות צד קרמיות רמה 3 - HESCO 3110 LVL III,47,0.0,130613.0,0.0
9850248593693_ירוק ריינג'ר / לארג' / שחור,9850248593693,ירוק ריינג'ר / לארג' / שחור,0.0,0.0,3098.0,k-zero-plate-carrier-hesco-3110-level-iii-side-plates,חבילת ™K-Zero קרמון + פלטות צד קרמיות רמה 3 - HESCO 3110 LVL III,2,0.0,6196.0,0.0
9850248593693_ירוק ריינג'ר / מדיום / ירוק ריינג'ר,9850248593693,ירוק ריינג'ר / מדיום / ירוק ריינג'ר,2.0,0.0,2779.0,k-zero-plate-carrier-hesco-3110-level-iii-side-plates,חבילת ™K-Zero קרמון + פלטות צד קרמיות רמה 3 - HESCO 3110 LVL III,127,5558.0,352933.0,0.0
9850248593693_ירוק ריינג'ר / מדיום / שחור,9850248593693,ירוק ריינג'ר / מדיום / שחור,0.0,0.0,3098.0,k-zero-plate-carrier-hesco-3110-level-iii-side-plates,חבילת ™K-Zero קרמון + פלטות צד קרמיות רמה 3 - HESCO 3110 LVL III,2,0.0,6196.0,0.0
9850248593693_שחור / לארג' / ירוק ריינג'ר,9850248593693,שחור / לארג' / ירוק ריינג'ר,0.0,0.0,2779.0,k-zero-plate-carrier-hesco-3110-level-iii-side-plates,חבילת ™K-Zero קרמון + פלטות צד קרמיות רמה 3 - HESCO 3110 LVL III,0,0.0,0.0,0.0
9850248593693_שחור / לארג' / שחור,9850248593693,שחור / לארג' / שחור,0.0,0.0,3098.0,k-zero-plate-carrier-hesco-3110-level-iii-side-plates,חבילת ™K-Zero קרמון + פלטות צד קרמיות רמה 3 - HESCO 3110 LVL III,0,0.0,0.0,0.0
9850248593693_שחור / מדיום / ירוק ריינג'ר,9850248593693,שחור / מדיום / ירוק ריינג'ר,0.0,0.0,2779.0,k-zero-plate-carrier-hesco-3110-level-iii-side-plates,חבילת ™K-Zero קרמון + פלטות צד קרמיות רמה 3 - HESCO 3110 LVL III,102,0.0,283458.0,0.0
9850248593693_שחור / מדיום / שחור,9850248593693,שחור / מדיום / שחור,0.0,0.0,3098.0,k-zero-plate-carrier-hesco-3110-level-iii-side-plates,חבילת ™K-Zero קרמון + פלטות צד קרמיות רמה 3 - HESCO 3110 LVL III,2,0.0,6196.0,0.0
"9850297975069_ירוק ריינג'ר / לארג' (תואם לפלטות המשטרתיות של חברת ""שורש"") / ירוק ריינג'ר",9850297975069,"ירוק ריינג'ר / לארג' (תואם לפלטות המשטרתיות של חברת ""שורש"") / ירוק ריינג'ר",0.0,0.0,999.0,חבילת-כיתת-כוננות,  חבילת כיתת כוננות + פאץ' כיתת כוננות,8,0.0,7992.0,0.0
"9850297975069_ירוק ריינג'ר / לארג' (תואם לפלטות המשטרתיות של חברת ""שורש"") / שחור",9850297975069,"ירוק ריינג'ר / לארג' (תואם לפלטות המשטרתיות של חברת ""שורש"") / שחור",0.0,0.0,999.0,חבילת-כיתת-כוננות,  חבילת כיתת כוננות + פאץ' כיתת כוננות,8,0.0,7992.0,0.0
9850297975069_ירוק ריינג'ר / מדיום / ירוק ריינג'ר,9850297975069,ירוק ריינג'ר / מדיום / ירוק ריינג'ר,0.0,0.0,999.0,חבילת-כיתת-כוננות,  חבילת כיתת כוננות + פאץ' כיתת כוננות,8,0.0,7992.0,0.0
9850297975069_ירוק ריינג'ר / מדיום / שחור,9850297975069,ירוק ריינג'ר / מדיום / שחור,0.0,0.0,999.0,חבילת-כיתת-כוננות,  חבילת כיתת כוננות + פאץ' כיתת כוננות,8,0.0,7992.0,0.0
"9850297975069_שחור / לארג' (תואם לפלטות המשטרתיות של חברת ""שורש"") / ירוק ריינג'ר",9850297975069,"שחור / לארג' (תואם לפלטות המשטרתיות של חברת ""שורש"") / ירוק ריינג'ר",0.0,0.0,999.0,חבילת-כיתת-כוננות,  חבילת כיתת כוננות + פאץ' כיתת כוננות,8,0.0,7992.0,0.0
"9850297975069_שחור / לארג' (תואם לפלטות המשטרתיות של חברת ""שורש"") / שחור",9850297975069,"שחור / לארג' (תואם לפלטות המשטרתיות של חברת ""שורש"") / שחור",0.0,0.0,999.0,חבילת-כיתת-כוננות,  חבילת כיתת כוננות + פאץ' כיתת כוננות,8,0.0,7992.0,0.0
9850297975069_שחור / מדיום / ירוק ריינג'ר,9850297975069,שחור / מדיום / ירוק ריינג'ר,0.0,0.0,999.0,חבילת-כיתת-כוננות,  חבילת כיתת כוננות + פאץ' כיתת כוננות,8,0.0,7992.0,0.0
9850297975069_שחור / מדיום / שחור,9850297975069,שחור / מדיום / שחור,0.0,0.0,999.0,חבילת-כיתת-כוננות,  חבילת כיתת כוננות + פאץ' כיתת כוננות,8,0.0,7992.0,0.0
9862588334365_ירוק ריינג'ר,9862588334365,ירוק ריינג'ר,0.0,0.0,900.0,פאץ-כיתת-כוננות,פאץ' כיתת כוננות,8,0.0,7200.0,0.0
9862588334365_שחור,9862588334365,שחור,0.0,0.0,900.0,פאץ-כיתת-כוננות,פאץ' כיתת כוננות,8,0.0,7200.0,0.0
9863883292957_ירוק ריינג'ר,9863883292957,ירוק ריינג'ר,0.0,0.0,900.0,פאץ-כיתת-כוננות-משטרתית,פאץ' כיתת כוננות משטרתית,10,0.0,9000.0,0.0
9863883292957_שחור,9863883292957,שחור,0.0,0.0,900.0,פאץ-כיתת-כוננות-משטרתית,פאץ' כיתת כוננות משטרתית,10,0.0,9000.0,0.0
"9863888994589_ירוק ריינג'ר / לארג' (מתאים לפלטות המשטרתיות של חברת ""שורש"") / ירוק ריינג'ר",9863888994589,"ירוק ריינג'ר / לארג' (מתאים לפלטות המשטרתיות של חברת ""שורש"") / ירוק ריינג'ר",0.0,0.0,999.0,חבילת-כיתת-כוננות-פאץ-כיתת-כוננות-משטרתית,חבילת כיתת כוננות + פאץ' כיתת כוננות משטרתית,10,0.0,9990.0,0.0
"9863888994589_ירוק ריינג'ר / לארג' (מתאים לפלטות המשטרתיות של חברת ""שורש"") / שחור",9863888994589,"ירוק ריינג'ר / לארג' (מתאים לפלטות המשטרתיות של חברת ""שורש"") / שחור",0.0,0.0,999.0,חבילת-כיתת-כוננות-פאץ-כיתת-כוננות-משטרתית,חבילת כיתת כוננות + פאץ' כיתת כוננות משטרתית,10,0.0,9990.0,0.0
9863888994589_ירוק ריינג'ר / מדיום / ירוק ריינג'ר,9863888994589,ירוק ריינג'ר / מדיום / ירוק ריינג'ר,0.0,0.0,999.0,חבילת-כיתת-כוננות-פאץ-כיתת-כוננות-משטרתית,חבילת כיתת כוננות + פאץ' כיתת כוננות משטרתית,10,0.0,9990.0,0.0
9863888994589_ירוק ריינג'ר / מדיום / שחור,9863888994589,ירוק ריינג'ר / מדיום / שחור,0.0,0.0,999.0,חבילת-כיתת-כוננות-פאץ-כיתת-כוננות-משטרתית,חבילת כיתת כוננות + פאץ' כיתת כוננות משטרתית,10,0.0,9990.0,0.0
"9863888994589_שחור / לארג' (מתאים לפלטות המשטרתיות של חברת ""שורש"") / ירוק ריינג'ר",9863888994589,"שחור / לארג' (מתאים לפלטות המשטרתיות של חברת ""שורש"") / ירוק ריינג'ר",0.0,0.0,999.0,חבילת-כיתת-כוננות-פאץ-כיתת-כוננות-משטרתית,חבילת כיתת כוננות + פאץ' כיתת כוננות משטרתית,10,0.0,9990.0,0.0
"9863888994589_שחור / לארג' (מתאים לפלטות המשטרתיות של חברת ""שורש"") / שחור",9863888994589,"שחור / לארג' (מתאים לפלטות המשטרתיות של חברת ""שורש"") / שחור",0.0,0.0,999.0,חבילת-כיתת-כוננות-פאץ-כיתת-כוננות-משטרתית,חבילת כיתת כוננות + פאץ' כיתת כוננות משטרתית,10,0.0,9990.0,0.0
9863888994589_שחור / מדיום / ירוק ריינג'ר,9863888994589,שחור / מדיום / ירוק ריינג'ר,0.0,0.0,999.0,חבילת-כיתת-כוננות-פאץ-כיתת-כוננות-משטרתית,חבילת כיתת כוננות + פאץ' כיתת כוננות משטרתית,10,0.0,9990.0,0.0
9863888994589_שחור / מדיום / שחור,9863888994589,שחור / מדיום / שחור,0.0,0.0,999.0,חבילת-כיתת-כוננות-פאץ-כיתת-כוננות-משטרתית,חבילת כיתת כוננות + פאץ' כיתת כוננות משטרתית,10,0.0,9990.0,0.0
"9863898661149_ירוק ריינג'ר / לארג' (תואם לפלטות המשטרתיות של חברת ""שורש"") / ירוק ריינג'ר",9863898661149,"ירוק ריינג'ר / לארג' (תואם לפלטות המשטרתיות של חברת ""שורש"") / ירוק ריינג'ר",0.0,0.0,783.0,קרמון-התערבות-™sub-zero-פאץ-כיתת-כוננות,קרמון התערבות ™Sub Zero + פאץ' כיתת כוננות,8,0.0,6264.0,0.0
"9863898661149_ירוק ריינג'ר / לארג' (תואם לפלטות המשטרתיות של חברת ""שורש"") / שחור",9863898661149,"ירוק ריינג'ר / לארג' (תואם לפלטות המשטרתיות של חברת ""שורש"") / שחור",0.0,0.0,783.0,קרמון-התערבות-™sub-zero-פאץ-כיתת-כוננות,קרמון התערבות ™Sub Zero + פאץ' כיתת כוננות,8,0.0,6264.0,0.0
9863898661149_ירוק ריינג'ר / מדיום / ירוק ריינג'ר,9863898661149,ירוק ריינג'ר / מדיום / ירוק ריינג'ר,0.0,0.0,783.0,קרמון-התערבות-™sub-zero-פאץ-כיתת-כוננות,קרמון התערבות ™Sub Zero + פאץ' כיתת כוננות,8,0.0,6264.0,0.0
9863898661149_ירוק ריינג'ר / מדיום / שחור,9863898661149,ירוק ריינג'ר / מדיום / שחור,0.0,0.0,783.0,קרמון-התערבות-™sub-zero-פאץ-כיתת-כוננות,קרמון התערבות ™Sub Zero + פאץ' כיתת כוננות,8,0.0,6264.0,0.0
"9863898661149_שחור / לארג' (תואם לפלטות המשטרתיות של חברת ""שורש"") / ירוק ריינג'ר",9863898661149,"שחור / לארג' (תואם לפלטות המשטרתיות של חברת ""שורש"") / ירוק ריינג'ר",0.0,0.0,783.0,קרמון-התערבות-™sub-zero-פאץ-כיתת-כוננות,קרמון התערבות ™Sub Zero + פאץ' כיתת כוננות,8,0.0,6264.0,0.0
"9863898661149_שחור / לארג' (תואם לפלטות המשטרתיות של חברת ""שורש"") / שחור",9863898661149,"שחור / לארג' (תואם לפלטות המשטרתיות של חברת ""שורש"") / שחור",0.0,0.0,783.0,קרמון-התערבות-™sub-zero-פאץ-כיתת-כוננות,קרמון התערבות ™Sub Zero + פאץ' כיתת כוננות,8,0.0,6264.0,0.0
9863898661149_שחור / מדיום / ירוק ריינג'ר,9863898661149,שחור / מדיום / ירוק ריינג'ר,0.0,0.0,783.0,קרמון-התערבות-™sub-zero-פאץ-כיתת-כוננות,קרמון התערבות ™Sub Zero + פאץ' כיתת כוננות,8,0.0,6264.0,0.0
9863898661149_שחור / מדיום / שחור,9863898661149,שחור / מדיום / שחור,0.0,0.0,783.0,קרמון-התערבות-™sub-zero-פאץ-כיתת-כוננות,קרמון התערבות ™Sub Zero + פאץ' כיתת כוננות,8,0.0,6264.0,0.0
"9863902200093_ירוק ריינג'ר / ירוק ריינג'ר / לארג' (תואם לפלטות המשטרתיות של חברת ""שורש"")",9863902200093,"ירוק ריינג'ר / ירוק ריינג'ר / לארג' (תואם לפלטות המשטרתיות של חברת ""שורש"")",0.0,0.0,783.0,קרמון-התערבות-™sub-zero-פאץ-כיתת-כוננות-משטרתית,קרמון התערבות ™Sub Zero + פאץ' כיתת כוננות משטרתית,10,0.0,7830.0,0.0
9863902200093_ירוק ריינג'ר / ירוק ריינג'ר / מדיום,9863902200093,ירוק ריינג'ר / ירוק ריינג'ר / מדיום,0.0,0.0,783.0,קרמון-התערבות-™sub-zero-פאץ-כיתת-כוננות-משטרתית,קרמון התערבות ™Sub Zero + פאץ' כיתת כוננות משטרתית,10,0.0,7830.0,0.0
"9863902200093_ירוק ריינג'ר / שחור / לארג' (תואם לפלטות המשטרתיות של חברת ""שורש"")",9863902200093,"ירוק ריינג'ר / שחור / לארג' (תואם לפלטות המשטרתיות של חברת ""שורש"")",0.0,0.0,783.0,קרמון-התערבות-™sub-zero-פאץ-כיתת-כוננות-משטרתית,קרמון התערבות ™Sub Zero + פאץ' כיתת כוננות משטרתית,10,0.0,7830.0,0.0
9863902200093_ירוק ריינג'ר / שחור / מדיום,9863902200093,ירוק ריינג'ר / שחור / מדיום,0.0,0.0,783.0,קרמון-התערבות-™sub-zero-פאץ-כיתת-כוננות-משטרתית,קרמון התערבות ™Sub Zero + פאץ' כיתת כוננות משטרתית,10,0.0,7830.0,0.0
"9863902200093_שחור / ירוק ריינג'ר / לארג' (תואם לפלטות המשטרתיות של חברת ""שורש"")",9863902200093,"שחור / ירוק ריינג'ר / לארג' (תואם לפלטות המשטרתיות של חברת ""שורש"")",0.0,0.0,783.0,קרמון-התערבות-™sub-zero-פאץ-כיתת-כוננות-משטרתית,קרמון התערבות ™Sub Zero + פאץ' כיתת כוננות משטרתית,10,0.0,7830.0,0.0
9863902200093_שחור / ירוק ריינג'ר / מדיום,9863902200093,שחור / ירוק ריינג'ר / מדיום,0.0,0.0,783.0,קרמון-התערבות-™sub-zero-פאץ-כיתת-כוננות-משטרתית,קרמון התערבות ™Sub Zero + פאץ' כיתת כוננות משטרתית,10,0.0,7830.0,0.0
"9863902200093_שחור / שחור / לארג' (תואם לפלטות המשטרתיות של חברת ""שורש"")",9863902200093,"שחור / שחור / לארג' (תואם לפלטות המשטרתיות של חברת ""שורש"")",0.0,0.0,783.0,קרמון-התערבות-™sub-zero-פאץ-כיתת-כוננות-משטרתית,קרמון התערבות ™Sub Zero + פאץ' כיתת כוננות משטרתית,10,0.0,7830.0,0.0
9863902200093_שחור / שחור / מדיום,9863902200093,שחור / שחור / מדיום,0.0,0.0,783.0,קרמון-התערבות-™sub-zero-פאץ-כיתת-כוננות-משטרתית,קרמון התערבות ™Sub Zero + פאץ' כיתת כוננות משטרתית,10,0.0,7830.0,0.0
9875926548765_Black,9875926548765,Black,0.0,0.0,64.9,wide-admin-pouch,Wide Admin Pouch,0,0.0,0.0,0.0
9875926548765_Multicam,9875926548765,Multicam,0.0,0.0,69.9,wide-admin-pouch,Wide Admin Pouch,0,0.0,0.0,0.0
9875926548765_Ranger Green,9875926548765,Ranger Green,0.0,0.0,64.9,wide-admin-pouch,Wide Admin Pouch,0,0.0,0.0,0.0
